index,packet_size,inter_arrival_time,src_port,dst_port,packet_count_5s,mean_packet_size,spectral_entropy,frequency_band_energy,label,score,z_score,is_anomaly,reason
0,0.405154,0.620362,62569,443,0.857143,0.000000,0.834066,0.534891,0,0.940045,-0.119420,0,Normal
1,0.527559,0.741288,59382,443,0.785714,0.000000,0.147196,0.990757,0,1.518316,1.317699,0,Normal
2,0.226199,0.485116,65484,80,0.285714,0.000000,0.855192,0.031781,0,0.257980,-1.814485,1,|z|=1.81 >= 1.5
3,0.573372,0.450965,51707,53,0.142857,0.000000,0.153220,0.169958,0,0.743330,-0.608295,0,Normal
4,0.651396,0.888740,26915,53,0.714286,0.000000,0.923916,0.552053,0,1.203449,0.535193,0,Normal
5,0.568361,0.207250,2619,53,0.928571,0.000000,0.113375,0.582346,0,1.150707,0.404117,0,Normal
6,0.571940,0.363908,14582,53,0.714286,0.000000,0.874457,0.760548,0,1.332488,0.855879,0,Normal
7,0.173228,0.075335,5724,443,0.428571,0.000000,0.541747,0.175055,0,0.348283,-1.590064,1,|z|=1.59 >= 1.5
8,0.967788,0.493461,28474,443,0.071429,0.000000,0.330655,0.023906,0,0.991694,0.008940,0,Normal
9,0.364352,0.434362,22620,443,0.571429,0.000000,0.056789,0.172246,0,0.536598,-1.122064,0,Normal
10,0.981389,0.268745,55001,53,0.714286,0.000000,0.885791,0.117128,0,1.098517,0.274416,0,Normal
11,0.053686,0.699422,59244,443,0.500000,0.000000,0.018393,0.321347,0,0.375034,-1.523583,1,|z|=1.52 >= 1.5
12,0.541160,0.180189,19720,53,0.214286,0.000000,0.235717,0.342521,0,0.883681,-0.259494,0,Normal
13,0.982820,0.132037,44626,80,0.071429,0.000000,0.469088,0.850137,0,1.832957,2.099645,1,|z|=2.10 >= 1.5
14,0.909091,0.900440,58876,53,0.571429,0.000000,0.795396,0.692129,0,1.601220,1.523733,1,|z|=1.52 >= 1.5
15,0.687903,0.612867,6787,443,0.357143,0.000000,0.831689,0.968626,0,1.656529,1.661185,1,|z|=1.66 >= 1.5
16,0.935576,0.312725,4734,80,1.000000,0.000000,0.803745,0.364619,0,1.300195,0.775626,0,Normal
17,0.634932,0.818244,59615,53,0.428571,0.000000,0.119397,0.419593,0,1.054525,0.165086,0,Normal
18,0.970651,0.939847,48181,80,0.285714,0.000000,0.739895,0.081899,0,1.052550,0.160179,0,Normal
19,0.451682,0.966617,4151,80,0.571429,0.000000,0.260961,0.930159,0,1.381841,0.978533,0,Normal
20,0.274875,0.142622,7068,443,0.642857,0.000000,0.356948,0.753882,0,1.028757,0.101049,0,Normal
21,0.312097,0.135935,17182,80,1.000000,0.000000,0.400535,0.879835,0,1.191933,0.506573,0,Normal
22,0.332140,0.737741,30522,443,0.142857,0.000000,0.838940,0.926323,1,1.258463,0.671914,0,Normal
23,0.789549,0.715371,58164,443,0.642857,0.000000,0.515139,0.056954,0,0.846503,-0.351890,0,Normal
24,0.860415,0.701356,51625,53,0.928571,0.000000,0.271074,0.867624,0,1.728039,1.838903,1,|z|=1.84 >= 1.5
25,0.707946,0.114846,18845,80,0.428571,0.000000,0.775912,0.406420,0,1.114365,0.313802,0,Normal
26,0.130279,0.564393,50612,80,0.714286,0.000000,0.100882,0.877328,0,1.007607,0.048487,0,Normal
27,0.901217,0.074961,41943,80,0.857143,0.000000,0.346470,0.052882,0,0.954099,-0.084492,0,Normal
28,0.907659,0.693303,1383,53,0.357143,0.000000,0.262331,0.912314,0,1.819973,2.067377,1,|z|=2.07 >= 1.5
29,0.760200,0.778455,60793,443,0.714286,0.000000,0.231910,0.733356,0,1.493556,1.256166,0,Normal
30,0.831067,0.607438,13392,80,0.357143,0.000000,0.769955,0.596983,0,1.428050,1.093370,0,Normal
31,0.161059,0.298670,5866,80,0.071429,0.000000,0.282743,0.540690,0,0.701749,-0.711631,0,Normal
32,0.608447,0.406370,9611,443,0.500000,0.000000,0.781957,0.876682,0,1.485129,1.235223,0,Normal
33,0.827487,0.660083,57138,443,0.142857,0.000000,0.173069,0.339263,0,1.166750,0.443989,0,Normal
34,0.132427,0.322066,34253,53,0.142857,0.000000,0.117450,0.148470,0,0.280897,-1.757532,1,|z|=1.76 >= 1.5
35,0.006442,0.958585,63862,80,0.928571,0.000000,0.342040,0.362974,0,0.369416,-1.537544,1,|z|=1.54 >= 1.5
36,0.602720,0.379021,33932,443,0.357143,0.000000,0.398420,0.992393,1,1.595113,1.508556,1,|z|=1.51 >= 1.5
37,0.410165,0.503082,11780,80,0.928571,0.000000,0.821425,0.925341,0,1.335505,0.863378,0,Normal
38,0.865426,0.754303,1168,53,0.000000,0.000000,0.524607,0.920811,1,1.786236,1.983535,1,|z|=1.98 >= 1.5
39,0.731568,0.205834,33486,80,0.785714,0.000000,0.488194,0.580901,0,1.312469,0.806128,0,Normal
40,0.829635,0.797380,47921,53,0.142857,0.000000,0.057434,0.421210,0,1.250845,0.652982,0,Normal
41,0.256979,0.776957,56362,80,1.000000,0.000000,0.534514,0.735092,0,0.992071,0.009876,0,Normal
42,0.670007,0.242828,31596,53,0.071429,0.000000,0.185225,0.388991,1,1.058998,0.176204,0,Normal
43,0.793128,0.171004,8927,80,0.142857,0.000000,0.513903,0.451362,0,1.244490,0.637187,0,Normal
44,0.367215,0.967968,14728,443,0.428571,0.000000,0.080094,0.265891,0,0.633106,-0.882222,0,Normal
45,0.062992,0.107834,15714,53,0.571429,0.000000,0.527265,0.979702,0,1.042694,0.135685,0,Normal
46,0.871152,0.644914,35882,53,0.071429,0.000000,0.002576,0.629159,0,1.500311,1.272954,0,Normal
47,0.778096,0.357767,46468,53,0.642857,0.000000,0.801670,0.986793,0,1.764889,1.930481,1,|z|=1.93 >= 1.5
48,0.918397,0.565555,33059,80,0.214286,0.000000,0.687204,0.919930,0,1.838327,2.112990,1,|z|=2.11 >= 1.5
49,0.443092,0.810944,3592,443,0.571429,0.000000,0.684120,0.451739,0,0.894831,-0.231783,0,Normal
50,0.854689,0.062734,6194,80,0.428571,0.000000,0.362325,0.830726,0,1.685415,1.732973,1,|z|=1.73 >= 1.5
51,0.896922,0.642092,43130,80,0.000000,0.000000,0.159597,0.347039,0,1.243961,0.635873,0,Normal
52,0.019327,0.094010,36624,80,0.500000,0.000000,0.085525,0.544324,0,0.563651,-1.054831,0,Normal
53,0.908375,0.656704,28704,53,0.642857,0.000000,0.521966,0.879741,0,1.788116,1.988205,1,|z|=1.99 >= 1.5
54,0.452398,0.943173,28389,53,0.285714,0.000000,0.004534,0.587420,0,1.039818,0.128536,0,Normal
55,0.442377,0.088885,14895,80,0.000000,0.000000,0.717597,0.284938,0,0.727314,-0.648097,0,Normal
56,0.324266,0.857607,45029,443,0.642857,0.000000,0.897881,0.191776,0,0.516042,-1.173149,0,Normal
57,0.078740,0.001771,59363,53,0.142857,0.000000,0.462778,0.846932,0,0.925672,-0.155139,0,Normal
58,0.675018,0.249328,48428,53,0.071429,0.000000,0.916301,0.612592,0,1.287610,0.744349,0,Normal
59,0.988547,0.050657,39380,53,0.785714,0.000000,0.276604,0.333485,0,1.322032,0.829894,0,Normal
60,0.668576,0.774666,15245,80,0.928571,0.000000,0.099020,0.523141,0,1.191717,0.506036,0,Normal
61,0.117394,0.814754,8309,443,0.357143,0.000000,0.604466,0.059942,0,0.177337,-2.014900,1,|z|=2.01 >= 1.5
62,0.069435,0.098062,56660,443,0.000000,0.000000,0.375299,0.393413,0,0.462848,-1.305348,0,Normal
63,0.352899,0.885478,41359,53,0.857143,0.000000,0.459217,0.054238,0,0.407137,-1.443799,0,Normal
64,0.375805,0.330254,7852,53,0.642857,0.000000,0.388185,0.995832,0,1.371637,0.953174,0,Normal
65,0.507516,0.320798,61154,443,0.071429,0.000000,0.167080,0.313623,0,0.821139,-0.414924,0,Normal
66,0.204724,0.695570,61320,80,1.000000,0.000000,0.917750,0.908999,0,1.113724,0.312208,0,Normal
67,0.654975,0.467812,59817,443,0.571429,0.000000,0.481189,0.424484,0,1.079459,0.227053,0,Normal
68,0.103794,0.555041,31844,443,0.357143,0.000000,0.483556,0.924701,0,1.028495,0.100398,0,Normal
69,0.494631,0.061750,9357,443,1.000000,0.000000,0.682724,0.338845,1,0.833476,-0.384264,0,Normal
70,0.027917,0.311102,38255,53,0.571429,0.000000,0.821058,0.922024,0,0.949941,-0.094826,0,Normal
71,0.969936,0.970870,8281,80,0.928571,0.000000,0.453260,0.211539,0,1.181475,0.480582,0,Normal
72,0.967072,0.189691,6908,53,0.857143,0.000000,0.557851,0.610439,0,1.577511,1.464810,0,Normal
73,0.848962,0.609317,12031,80,0.642857,0.000000,0.027034,0.780218,0,1.629181,1.593220,1,|z|=1.59 >= 1.5
74,0.911954,0.540764,7449,53,0.357143,0.000000,0.924877,0.386174,0,1.298128,0.770488,0,Normal
75,0.961346,0.395643,55202,443,0.928571,0.000000,0.103619,0.454440,0,1.415786,1.062892,0,Normal
76,0.679313,0.914007,30769,80,0.857143,0.000000,0.046049,0.690331,0,1.369644,0.948219,0,Normal
77,0.952040,0.907139,53865,80,0.357143,0.000000,0.764061,0.241479,0,1.193519,0.510516,0,Normal
78,0.040802,0.295471,31914,53,0.000000,0.000000,0.620676,0.745961,0,0.786763,-0.500355,0,Normal
79,0.476736,0.486084,64858,53,0.928571,0.000000,0.327169,0.091883,0,0.568619,-1.042486,0,Normal
80,0.960630,0.374778,21286,53,0.785714,0.000000,0.463390,0.680668,0,1.641298,1.623333,1,|z|=1.62 >= 1.5
81,0.319256,0.178529,47322,80,0.071429,0.000000,0.927972,0.484131,0,0.803387,-0.459041,0,Normal
82,0.423049,0.397055,9122,443,0.428571,0.000000,0.319246,0.292095,0,0.715144,-0.678341,0,Normal
83,0.770222,0.746449,51079,53,0.571429,0.000000,0.822632,0.910612,0,1.680834,1.721589,1,|z|=1.72 >= 1.5
84,0.304223,0.050360,24394,80,0.928571,0.000000,0.313691,0.045915,0,0.350139,-1.585452,1,|z|=1.59 >= 1.5
85,0.495347,0.040904,21869,443,0.500000,0.000000,0.530699,0.971001,0,1.466349,1.188550,0,Normal
86,0.376521,0.970091,55480,80,0.785714,0.000000,0.817288,0.212719,0,0.589240,-0.991238,0,Normal
87,0.491052,0.115017,35758,53,0.285714,0.000000,0.964402,0.014709,1,0.505761,-1.198699,0,Normal
88,0.483178,0.890088,5605,80,0.000000,0.000000,0.266917,0.806682,0,1.289861,0.749943,0,Normal
89,0.572656,0.281713,10852,53,0.428571,0.000000,0.026539,0.379182,0,0.951838,-0.090112,0,Normal
90,0.740873,0.857571,61522,53,0.714286,0.000000,0.685536,0.046415,0,0.787288,-0.499050,0,Normal
91,0.600573,0.866049,47588,443,0.785714,0.000000,0.701968,0.078630,0,0.679203,-0.767664,0,Normal
92,0.110952,0.897849,22177,80,0.571429,0.000000,0.263732,0.761801,0,0.872753,-0.286652,0,Normal
93,0.725841,0.582971,18337,443,0.714286,0.000000,0.282401,0.765451,0,1.491292,1.250540,0,Normal
94,0.896206,0.612292,11042,53,0.142857,0.000000,0.859768,0.839861,0,1.736067,1.858854,1,|z|=1.86 >= 1.5
95,0.926986,0.759561,30034,80,0.214286,0.000000,0.958951,0.226706,0,1.153693,0.411538,0,Normal
96,0.315676,0.769036,8182,80,0.142857,0.000000,0.561545,0.117391,0,0.433067,-1.379359,0,Normal
97,0.634216,0.765163,3622,443,0.571429,0.000000,0.834105,0.691991,0,1.326207,0.840272,0,Normal
98,0.619900,0.219294,46168,443,0.714286,0.000000,0.168190,0.121814,0,0.741714,-0.612310,0,Normal
99,0.214746,0.248904,20987,443,0.571429,0.000000,0.346169,0.558476,0,0.773221,-0.534008,0,Normal
100,0.359341,0.670220,38133,80,0.714286,0.000000,0.830356,0.541551,0,0.900892,-0.216720,0,Normal
101,0.700787,0.040304,38383,443,0.000000,0.000000,0.600726,0.402136,0,1.102923,0.285366,0,Normal
102,0.740157,0.232430,41953,53,0.500000,0.000000,0.836899,0.108716,0,0.848874,-0.345997,0,Normal
103,0.847530,0.650287,42846,80,0.428571,0.000000,0.356047,0.476300,0,1.323830,0.834363,0,Normal
104,0.935576,0.175842,62509,53,0.857143,0.000000,0.200128,0.151286,0,1.086863,0.245452,0,Normal
105,0.989979,0.654242,33471,53,0.071429,0.000000,0.889632,0.395560,0,1.385538,0.987721,0,Normal
106,0.088046,0.393809,20350,443,0.071429,0.000000,0.888945,0.784350,0,0.872396,-0.287540,0,Normal
107,0.331424,0.689545,2318,80,0.928571,0.000000,0.555330,0.408904,0,0.740329,-0.615753,0,Normal
108,0.724409,0.887570,1170,53,0.071429,0.000000,0.709831,0.727558,0,1.451967,1.152809,0,Normal
109,0.538296,0.882093,53764,80,0.857143,0.000000,0.007880,0.774176,0,1.312472,0.806136,0,Normal
110,0.808160,0.015865,4302,80,0.642857,0.000000,0.011028,0.140109,0,0.948270,-0.098978,0,Normal
111,0.117394,0.181436,29633,443,0.785714,0.000000,0.190138,0.873283,0,0.990678,0.006414,0,Normal
112,0.045097,0.650133,61812,80,0.642857,0.000000,0.805872,0.955997,0,1.001093,0.032298,0,Normal
113,0.493200,0.826245,43303,80,0.928571,0.000000,0.045811,0.587917,0,1.081116,0.231171,0,Normal
114,0.282749,0.714034,55220,80,0.071429,0.000000,0.570625,0.389860,0,0.672609,-0.784050,0,Normal
115,0.561918,0.125874,1250,53,0.071429,0.000000,0.061287,0.727980,0,1.289899,0.750037,0,Normal
116,0.494631,0.520566,25081,80,0.857143,0.000000,0.086271,0.918555,0,1.413187,1.056432,0,Normal
117,0.365784,0.936696,9504,443,0.071429,0.000000,0.749006,0.682318,0,1.048102,0.149124,0,Normal
118,0.541160,0.725355,33590,53,0.928571,0.000000,0.890091,0.481636,0,1.022796,0.086233,0,Normal
119,0.440229,0.584603,43103,443,0.714286,0.000000,0.863818,0.864127,0,1.304356,0.785968,0,Normal
120,0.428060,0.916072,62014,443,0.000000,0.000000,0.109091,0.491254,0,0.919314,-0.170939,0,Normal
121,0.564782,0.590849,5143,80,0.214286,0.000000,0.249327,0.834246,1,1.399028,1.021245,0,Normal
122,0.719399,0.933846,61850,80,0.928571,0.000000,0.182721,0.727290,0,1.446688,1.139690,0,Normal
123,0.688618,0.421570,21925,53,0.071429,0.000000,0.764986,0.724590,1,1.413208,1.056486,0,Normal
124,0.535433,0.567614,54187,80,0.642857,0.000000,0.960504,0.268817,0,0.804250,-0.456897,0,Normal
125,0.545455,0.323503,30487,53,0.571429,0.000000,0.992607,0.590219,0,1.135673,0.366757,0,Normal
126,0.390838,0.903478,3636,53,0.071429,0.000000,0.249761,0.978584,0,1.369422,0.947668,0,Normal
127,0.717967,0.531202,2683,443,1.000000,0.000000,0.159007,0.265219,0,0.983186,-0.012205,0,Normal
128,0.259843,0.309433,36545,53,0.285714,0.000000,0.684788,0.971748,0,1.231591,0.605131,0,Normal
129,0.829635,0.172341,1067,443,0.500000,0.000000,0.830913,0.362025,0,1.191660,0.505894,0,Normal
130,0.488189,0.551635,3609,53,0.000000,0.000000,0.847939,0.332863,0,0.821052,-0.415140,0,Normal
131,0.027201,0.287830,31655,443,0.785714,0.000000,0.079365,0.378620,0,0.405821,-1.447071,0,Normal
132,0.422334,0.471762,48378,443,0.142857,0.000000,0.255634,0.443230,0,0.865563,-0.304520,0,Normal
133,0.410880,0.060053,34076,443,0.071429,0.000000,0.695117,0.043474,0,0.454354,-1.326456,0,Normal
134,0.103078,0.569309,46312,80,0.071429,0.000000,0.374767,0.820484,0,0.923562,-0.160382,0,Normal
135,0.052255,0.538449,29306,53,0.500000,0.000000,0.873293,0.959665,0,1.011920,0.059206,0,Normal
136,0.690766,0.313681,37517,53,0.714286,0.000000,0.281384,0.928071,0,1.618837,1.567514,1,|z|=1.57 >= 1.5
137,0.388690,0.509244,53735,443,1.000000,0.000000,0.137579,0.011378,0,0.400069,-1.461367,0,Normal
138,0.053686,0.473478,40077,443,0.071429,0.000000,0.605738,0.228734,1,0.282421,-1.753745,1,|z|=1.75 >= 1.5
139,0.549749,0.341707,43320,443,0.928571,0.000000,0.808282,0.947308,0,1.497057,1.264867,0,Normal
140,0.085898,0.256637,48270,443,0.500000,0.000000,0.013996,0.934761,0,1.020659,0.080923,0,Normal
141,0.362205,0.887803,33283,443,0.428571,0.000000,0.393108,0.658734,0,1.020939,0.081619,0,Normal
142,0.850394,0.774211,3173,80,0.714286,0.000000,0.820296,0.349506,0,1.199899,0.526371,0,Normal
143,0.360057,0.396685,44574,53,0.428571,0.000000,0.005869,0.177552,0,0.537609,-1.119552,0,Normal
144,0.538296,0.697706,53058,80,0.142857,0.000000,0.223374,0.189135,0,0.727431,-0.647807,0,Normal
145,0.881890,0.823060,43324,53,0.500000,0.000000,0.911946,0.091469,0,0.973359,-0.036626,0,Normal
146,0.233357,0.437444,3400,443,0.714286,0.000000,0.158488,0.734957,0,0.968314,-0.049164,0,Normal
147,0.964209,0.911545,39945,53,0.571429,0.000000,0.953815,0.147066,0,1.111275,0.306122,0,Normal
148,0.322835,0.021744,33716,80,0.285714,0.000000,0.787047,0.889821,0,1.212655,0.558072,0,Normal
149,0.319256,0.620714,61624,53,0.000000,0.000000,0.009781,0.991168,1,1.310423,0.801044,0,Normal
150,0.518253,0.678393,65067,443,0.000000,0.000000,0.143549,0.172708,0,0.690961,-0.738441,0,Normal
151,0.032212,0.615203,43103,80,0.571429,0.000000,0.561504,0.082903,0,0.115115,-2.169533,1,|z|=2.17 >= 1.5
152,0.167502,0.208047,50743,80,0.785714,0.000000,0.631577,0.797255,0,0.964757,-0.058004,0,Normal
153,0.505369,0.954697,10197,80,0.214286,0.000000,0.578484,0.334716,0,0.840085,-0.367840,0,Normal
154,0.136722,0.677410,29779,443,0.428571,0.000000,0.570149,0.176718,0,0.313439,-1.676658,1,|z|=1.68 >= 1.5
155,0.205440,0.177516,49389,53,0.000000,0.000000,0.317983,0.763373,0,0.968813,-0.047924,0,Normal
156,0.040802,0.194435,55139,53,0.357143,0.000000,0.250539,0.490930,0,0.531732,-1.134158,0,Normal
157,0.672155,0.946586,34515,80,0.928571,0.000000,0.151780,0.282933,0,0.955087,-0.082036,0,Normal
158,0.231926,0.257673,33857,443,0.214286,0.000000,0.521597,0.867730,0,1.099655,0.277245,0,Normal
159,0.069435,0.871561,59873,80,0.214286,0.000000,0.762269,0.303866,0,0.373300,-1.527892,1,|z|=1.53 >= 1.5
160,0.307802,0.609671,61650,53,0.642857,0.000000,0.907183,0.669141,0,0.976944,-0.027718,0,Normal
161,0.310666,0.658520,48198,443,0.214286,0.000000,0.148657,0.226670,0,0.537336,-1.120230,0,Normal
162,0.426628,0.342671,25579,443,0.928571,0.000000,0.650841,0.910217,0,1.336846,0.866710,0,Normal
163,0.232641,0.877489,40038,53,1.000000,0.000000,0.846163,0.807231,0,1.039873,0.128673,0,Normal
164,0.974946,0.761247,28863,53,0.571429,0.000000,0.518690,0.106340,0,1.081286,0.231594,0,Normal
165,0.054402,0.175457,36194,53,0.928571,0.000000,0.803487,0.337055,0,0.391457,-1.482767,0,Normal
166,0.753758,0.430756,55007,53,0.214286,0.000000,0.518838,0.363600,0,1.117358,0.321240,0,Normal
167,0.954903,0.736760,52421,443,0.785714,0.000000,0.013181,0.666323,0,1.621226,1.573452,1,|z|=1.57 >= 1.5
168,0.521117,0.671900,57942,443,0.428571,0.000000,0.817427,0.979971,0,1.501088,1.274885,0,Normal
169,0.231926,0.734841,1785,53,0.500000,0.000000,0.775188,0.435533,0,0.667458,-0.796850,0,Normal
170,0.609162,0.044746,3374,53,0.071429,0.000000,0.741249,0.347327,0,0.956490,-0.078550,0,Normal
171,0.982820,0.592520,1912,443,0.500000,0.000000,0.906492,0.628174,1,1.610995,1.548024,1,|z|=1.55 >= 1.5
172,0.309950,0.815596,26100,443,0.714286,0.000000,0.036285,0.473273,0,0.783223,-0.509152,0,Normal
173,0.914102,0.833002,60335,80,0.357143,0.000000,0.718633,0.220260,0,1.134362,0.363497,0,Normal
174,0.455977,0.601490,34131,443,0.285714,0.000000,0.267936,0.328842,0,0.784819,-0.505186,0,Normal
175,0.463851,0.205185,55809,443,0.785714,0.000000,0.837903,0.550229,0,1.014080,0.064573,0,Normal
176,0.356478,0.525416,57433,53,0.714286,0.000000,0.316421,0.553066,0,0.909544,-0.195220,0,Normal
177,0.631353,0.809688,15871,443,0.142857,0.000000,0.580799,0.317811,0,0.949164,-0.096757,0,Normal
178,0.724409,0.554572,36652,443,0.428571,0.000000,0.245785,0.175623,0,0.900032,-0.218858,0,Normal
179,0.886185,0.694852,40754,80,0.285714,0.000000,0.009071,0.799276,0,1.685461,1.733088,1,|z|=1.73 >= 1.5
180,0.390122,0.031260,1038,80,0.642857,0.000000,0.988702,0.619124,0,1.009246,0.052560,0,Normal
181,0.843951,0.276300,6851,80,0.571429,0.000000,0.956125,0.591601,0,1.435552,1.112015,0,Normal
182,0.429492,0.577624,42778,443,0.071429,0.000000,0.848557,0.542306,0,0.971798,-0.040506,0,Normal
183,0.556192,0.335121,47260,80,0.571429,0.000000,0.540737,0.202189,1,0.758381,-0.570890,0,Normal
184,0.216178,0.573940,10484,443,0.857143,0.000000,0.829372,0.762873,0,0.979051,-0.022482,0,Normal
185,0.075877,0.178276,32096,53,0.285714,0.000000,0.801720,0.645689,1,0.721566,-0.662383,0,Normal
186,0.706514,0.468952,57972,443,0.642857,0.000000,0.489506,0.207915,0,0.914429,-0.183081,0,Normal
187,0.143164,0.225252,20375,80,0.857143,0.000000,0.785745,0.519421,0,0.662585,-0.808961,0,Normal
188,0.816750,0.391313,36365,443,0.857143,0.000000,0.120799,0.218094,0,1.034844,0.116176,0,Normal
189,0.301360,0.135893,44572,443,0.642857,0.000000,0.263708,0.614501,0,0.915861,-0.179522,0,Normal
190,0.561203,0.130165,36476,443,0.142857,0.000000,0.435651,0.022510,0,0.583712,-1.004976,0,Normal
191,0.849678,0.562240,17905,443,0.714286,0.000000,0.716373,0.151838,0,1.001515,0.033348,0,Normal
192,0.288475,0.664568,22712,80,0.428571,0.000000,0.989621,0.545456,0,0.833931,-0.383133,0,Normal
193,0.289191,0.960886,19771,443,0.285714,0.000000,0.195974,0.032008,0,0.321199,-1.657372,1,|z|=1.66 >= 1.5
194,0.289191,0.635731,62780,443,0.214286,0.000000,0.966135,0.868222,0,1.157413,0.420783,0,Normal
195,0.901217,0.137712,17491,80,0.357143,0.000000,0.815216,0.439298,0,1.340515,0.875829,0,Normal
196,0.176092,0.108644,15126,443,0.285714,0.000000,0.653791,0.987821,0,1.163913,0.436938,0,Normal
197,0.451682,0.610901,39892,53,0.071429,0.000000,0.488363,0.897975,0,1.349657,0.898548,0,Normal
198,0.381532,0.129280,1492,53,0.428571,0.000000,0.853827,0.478069,0,0.859601,-0.319338,0,Normal
199,0.491052,0.027268,37413,53,0.928571,0.000000,0.041520,0.447249,0,0.938301,-0.123753,0,Normal
200,0.981389,0.691721,5825,443,0.928571,0.000000,0.935073,0.502578,0,1.483967,1.232334,0,Normal
201,0.333572,0.361644,65413,53,0.714286,0.000000,0.497354,0.822526,0,1.156098,0.417517,0,Normal
202,0.856120,0.942839,4588,53,0.571429,0.000000,0.333714,0.786697,0,1.642817,1.627110,1,|z|=1.63 >= 1.5
203,0.027917,0.783134,8430,53,0.571429,0.000000,0.181162,0.432735,0,0.460652,-1.310804,0,Normal
204,0.365784,0.321583,21645,80,0.357143,0.000000,0.379825,0.180068,0,0.545852,-1.099067,0,Normal
205,0.117394,0.156771,24950,443,0.071429,0.000000,0.213169,0.473978,0,0.591373,-0.985938,0,Normal
206,0.864710,0.449127,27831,53,1.000000,0.000000,0.939688,0.125955,0,0.990665,0.006382,0,Normal
207,0.039370,0.281666,38135,80,0.928571,0.000000,0.103237,0.331481,0,0.370851,-1.533979,1,|z|=1.53 >= 1.5
208,0.665712,0.931226,3547,443,0.357143,0.000000,0.628780,0.381340,0,1.047052,0.146516,0,Normal
209,0.596994,0.631181,13262,80,0.071429,0.000000,0.179849,0.000081,0,0.597074,-0.971769,0,Normal
210,0.808876,0.969643,61625,443,0.928571,0.000000,0.047829,0.787012,0,1.595888,1.510481,1,|z|=1.51 >= 1.5
211,0.410880,0.255811,34448,53,0.642857,0.000000,0.755260,0.377316,0,0.788196,-0.496793,0,Normal
212,0.017180,0.472580,27983,80,0.785714,0.000000,0.815840,0.929617,0,0.946796,-0.102640,0,Normal
213,0.463851,0.700865,14140,80,0.500000,0.000000,0.761318,0.829726,0,1.293577,0.759179,0,Normal
214,0.522548,0.114201,50921,443,0.214286,0.000000,0.144149,0.529675,1,1.052223,0.159366,0,Normal
215,0.990694,0.087529,11623,80,0.642857,0.000000,0.791719,0.113927,0,1.104621,0.289586,0,Normal
216,0.740873,0.421829,32005,443,0.142857,0.000000,0.511165,0.479975,0,1.220849,0.578434,0,Normal
217,0.381532,0.783173,56193,443,0.285714,0.000000,0.236343,0.629467,0,1.010999,0.056917,0,Normal
218,0.129563,0.105339,63508,443,0.428571,0.000000,0.677112,0.823346,0,0.952909,-0.087449,0,Normal
219,0.332140,0.414690,15508,53,0.000000,0.000000,0.214849,0.715684,1,1.047824,0.148434,0,Normal
220,0.921260,0.260501,3965,53,0.071429,0.000000,0.286799,0.878278,1,1.799538,2.016591,1,|z|=2.02 >= 1.5
221,0.370795,0.576399,51868,53,1.000000,0.000000,0.632224,0.299128,1,0.669923,-0.790725,0,Normal
222,0.732283,0.074945,26209,53,0.500000,0.000000,0.339059,0.163109,1,0.895392,-0.230390,0,Normal
223,0.015032,0.966282,14279,443,0.214286,0.000000,0.299540,0.854567,0,0.869599,-0.294490,0,Normal
224,0.858268,0.531305,22922,80,0.928571,0.000000,0.410172,0.230168,0,1.088436,0.249362,0,Normal
225,0.900501,0.393550,64616,80,0.714286,0.000000,0.721576,0.242045,0,1.142546,0.383836,0,Normal
226,0.749463,0.060260,16763,443,0.500000,0.000000,0.616302,0.070261,0,0.819724,-0.418441,0,Normal
227,0.646385,0.675014,52018,443,0.000000,0.000000,0.692289,0.085986,0,0.732372,-0.635528,0,Normal
228,0.020043,0.146808,22544,53,0.357143,0.000000,0.054675,0.203426,0,0.223469,-1.900252,1,|z|=1.90 >= 1.5
229,0.725125,0.711537,20658,443,0.214286,0.000000,0.053129,0.424497,0,1.149622,0.401423,0,Normal
230,0.324266,0.485662,62626,443,0.500000,0.000000,0.816207,0.150311,0,0.474577,-1.276198,0,Normal
231,0.266285,0.970776,4537,80,0.000000,0.000000,0.738835,0.976224,0,1.242509,0.632264,0,Normal
232,0.634932,0.881176,6438,443,0.500000,0.000000,0.053258,0.426128,0,1.061060,0.181328,0,Normal
233,0.041518,0.753663,41420,443,0.071429,0.000000,0.277810,0.807628,0,0.849146,-0.345322,0,Normal
234,0.295634,0.059810,42258,443,0.785714,0.000000,0.296487,0.958044,1,1.253677,0.660019,0,Normal
235,0.863994,0.670897,45331,443,0.642857,0.000000,0.423844,0.072862,0,0.936856,-0.127344,0,Normal
236,0.100215,0.311292,12812,53,1.000000,0.000000,0.354299,0.149301,0,0.249516,-1.835520,1,|z|=1.84 >= 1.5
237,0.102362,0.875267,50698,53,0.500000,0.000000,0.156723,0.596640,0,0.699002,-0.718459,0,Normal
238,0.057981,0.942633,40952,53,0.214286,0.000000,0.237102,0.683261,0,0.741243,-0.613482,0,Normal
239,0.669291,0.506984,52039,80,0.500000,0.000000,0.494038,0.574139,0,1.243431,0.634555,0,Normal
240,0.649248,0.738728,33310,80,0.857143,0.000000,0.801325,0.315814,0,0.965062,-0.057246,0,Normal
241,0.934145,0.477821,51496,53,0.000000,0.000000,0.599366,0.953657,0,1.887801,2.235943,1,|z|=2.24 >= 1.5
242,0.926986,0.967398,17109,80,0.214286,0.000000,0.692457,0.272010,0,1.198996,0.524127,0,Normal
243,0.720830,0.582047,7006,80,0.214286,0.000000,0.146972,0.260978,0,0.981809,-0.015628,0,Normal
244,0.888332,0.515712,13036,443,0.928571,0.000000,0.726384,0.116195,0,1.004527,0.040832,0,Normal
245,0.251969,0.959502,26964,80,1.000000,0.000000,0.170591,0.277243,0,0.529211,-1.140421,0,Normal
246,0.811024,0.652701,8729,53,0.285714,0.000000,0.228865,0.040395,0,0.851419,-0.339672,0,Normal
247,0.989263,0.182178,27105,80,0.285714,0.000000,0.399924,0.095313,0,1.084576,0.239769,0,Normal
248,0.548318,0.548243,62154,443,0.857143,0.000000,0.078265,0.618925,0,1.167243,0.445214,0,Normal
249,0.493916,0.003003,48732,80,1.000000,0.000000,0.375956,0.900257,0,1.394172,1.009177,0,Normal
250,0.245526,0.910704,47515,80,0.571429,0.000000,0.742401,0.596099,0,0.841625,-0.364011,0,Normal
251,0.857552,0.753071,28289,443,0.785714,0.000000,0.740595,0.641980,0,1.499532,1.271016,0,Normal
252,0.009306,0.607163,11784,53,0.214286,0.000000,0.966285,0.357978,0,0.367283,-1.542845,1,|z|=1.54 >= 1.5
253,0.229778,0.299725,23296,443,0.214286,0.000000,0.942906,0.348150,0,0.577928,-1.019352,0,Normal
254,0.883321,0.510133,37711,443,0.571429,0.000000,0.576027,0.145450,0,1.028771,0.101084,0,Normal
255,0.866858,0.593117,34777,53,0.214286,0.000000,0.310070,0.480577,0,1.347435,0.893026,0,Normal
256,0.629205,0.766914,6986,443,0.357143,0.000000,0.730574,0.642780,0,1.271985,0.705519,0,Normal
257,0.216178,0.664269,2667,80,0.285714,0.000000,0.671932,0.298246,0,0.514424,-1.177172,0,Normal
258,0.957767,0.650770,37398,80,0.714286,0.000000,0.805868,0.047522,1,1.005288,0.042724,0,Normal
259,0.297065,0.790762,17180,443,0.571429,0.000000,0.858448,0.099068,0,0.396133,-1.471147,0,Normal
260,0.351467,0.487126,39294,53,0.928571,0.000000,0.334141,0.029353,0,0.380820,-1.509202,1,|z|=1.51 >= 1.5
261,0.547602,0.019315,9798,53,0.571429,0.000000,0.561189,0.900026,1,1.447628,1.142026,0,Normal
262,0.568361,0.395576,20235,443,0.000000,0.000000,0.073655,0.398769,0,0.967129,-0.052108,0,Normal
263,0.984968,0.348884,9167,80,1.000000,0.000000,0.280026,0.658577,0,1.643545,1.628917,1,|z|=1.63 >= 1.5
264,0.853973,0.292719,62002,80,0.285714,0.000000,0.396221,0.001044,0,0.855017,-0.330731,0,Normal
265,0.561203,0.500957,57760,80,0.214286,0.000000,0.294899,0.485871,0,1.047073,0.146568,0,Normal
266,0.797423,0.022298,37773,443,0.857143,0.000000,0.288404,0.441258,0,1.238681,0.622751,0,Normal
267,0.321403,0.644291,10401,80,0.642857,0.000000,0.354057,0.534576,1,0.855979,-0.328339,0,Normal
268,0.433071,0.734741,57441,443,1.000000,0.000000,0.100050,0.367170,0,0.800241,-0.466860,0,Normal
269,0.352899,0.609956,20915,80,0.071429,0.000000,0.397930,0.349555,1,0.702454,-0.709879,0,Normal
270,0.059413,0.466975,47097,53,0.357143,0.000000,0.363554,0.507852,0,0.567265,-1.045851,0,Normal
271,0.633500,0.280003,28843,443,0.285714,0.000000,0.050330,0.437787,0,1.071287,0.206745,0,Normal
272,0.156049,0.449320,48270,80,0.857143,0.000000,0.864474,0.798281,1,0.954329,-0.083919,0,Normal
273,0.081603,0.955536,9839,443,0.785714,0.000000,0.164354,0.489927,0,0.571530,-1.035251,0,Normal
274,0.037938,0.104889,43887,80,0.285714,0.000000,0.759829,0.631611,0,0.669549,-0.791655,0,Normal
275,0.827487,0.845028,38278,443,0.357143,0.000000,0.752088,0.305125,0,1.132612,0.359150,0,Normal
276,0.969220,0.042173,55383,53,0.142857,0.000000,0.085516,0.103439,0,1.072659,0.210153,0,Normal
277,0.438797,0.875357,52855,80,0.642857,0.000000,0.602557,0.075480,0,0.514278,-1.177535,0,Normal
278,0.974946,0.593460,7745,80,0.857143,0.000000,0.804684,0.439976,0,1.414922,1.060746,0,Normal
279,0.147459,0.398485,27707,53,0.214286,0.000000,0.240239,0.902398,1,1.049857,0.153487,0,Normal
280,0.862563,0.110919,3653,443,0.285714,0.000000,0.709842,0.123377,0,0.985939,-0.005362,0,Normal
281,0.582677,0.943936,62898,53,0.928571,0.000000,0.898036,0.619959,0,1.202637,0.533174,0,Normal
282,0.617037,0.584567,20981,53,0.357143,0.000000,0.361865,0.643834,0,1.260871,0.677897,0,Normal
283,0.764495,0.884583,61244,443,0.357143,0.000000,0.211794,0.000254,0,0.764750,-0.555062,0,Normal
284,0.030780,0.892933,2361,53,0.285714,0.000000,0.729908,0.736598,0,0.767379,-0.548529,0,Normal
285,0.027201,0.554347,34504,80,0.785714,0.000000,0.424465,0.329712,0,0.356913,-1.568617,1,|z|=1.57 >= 1.5
286,0.739442,0.736490,25043,53,0.500000,0.000000,0.217578,0.280665,0,1.020106,0.079549,0,Normal
287,0.748031,0.475918,58986,53,0.214286,0.000000,0.699886,0.407600,0,1.155632,0.416357,0,Normal
288,0.857552,0.147555,29852,80,0.928571,0.000000,0.643173,0.151495,0,1.009046,0.052064,0,Normal
289,0.618468,0.624903,21810,53,0.928571,0.000000,0.086150,0.009079,0,0.627547,-0.896039,0,Normal
290,0.118110,0.766534,50044,443,0.428571,0.000000,0.235137,0.540079,0,0.658189,-0.819887,0,Normal
291,0.362921,0.081618,62074,80,0.928571,0.000000,0.232592,0.239214,0,0.602134,-0.959193,0,Normal
292,0.649248,0.684895,22374,53,0.571429,0.000000,0.920628,0.559582,0,1.208830,0.548566,0,Normal
293,0.695777,0.888964,2901,53,0.428571,0.000000,0.314134,0.957031,0,1.652808,1.651939,1,|z|=1.65 >= 1.5
294,0.934145,0.514350,41860,80,0.000000,0.000000,0.325467,0.146389,1,1.080534,0.229723,0,Normal
295,0.821761,0.301661,38483,80,0.357143,0.000000,0.260482,0.180336,1,1.002096,0.034792,0,Normal
296,0.803150,0.862441,3323,80,0.714286,0.000000,0.532729,0.756207,0,1.559357,1.419693,0,Normal
297,0.571224,0.547378,63352,80,1.000000,0.000000,0.723486,0.093626,0,0.664850,-0.803332,0,Normal
298,0.251969,0.652832,12712,53,0.500000,0.000000,0.505903,0.322726,0,0.574694,-1.027387,0,Normal
299,0.408733,0.526690,40552,443,0.071429,0.000000,0.632979,0.366358,1,0.775091,-0.529361,0,Normal
300,0.296349,0.717009,50266,443,0.714286,0.000000,0.151331,0.548965,0,0.845314,-0.354844,0,Normal
301,0.231210,0.827340,37512,53,0.785714,0.000000,0.040723,0.205175,0,0.436384,-1.371115,0,Normal
302,0.658554,0.431169,9627,80,0.928571,0.000000,0.705881,0.199008,0,0.857562,-0.324406,0,Normal
303,0.900501,0.411945,29156,53,0.928571,0.000000,0.303189,0.306297,0,1.206798,0.543515,0,Normal
304,0.618468,0.377619,22030,80,0.642857,0.000000,0.885181,0.003543,0,0.622011,-0.909796,0,Normal
305,0.442377,0.461405,32688,53,0.357143,0.000000,0.917979,0.927431,1,1.369807,0.948625,0,Normal
306,0.902649,0.495042,37318,443,0.000000,0.000000,0.729951,0.149661,0,1.052309,0.159580,0,Normal
307,0.823908,0.165491,19176,443,0.642857,0.000000,0.410132,0.246816,0,1.070724,0.205346,0,Normal
308,0.957767,0.238031,44971,80,0.857143,0.000000,0.615444,0.995433,0,1.953199,2.398471,1,|z|=2.40 >= 1.5
309,0.572656,0.109343,17720,80,0.857143,0.000000,0.339923,0.755145,0,1.327801,0.844231,0,Normal
310,0.570508,0.500989,47665,443,0.214286,0.000000,0.028859,0.350720,0,0.921228,-0.166182,0,Normal
311,0.106657,0.447955,14258,443,0.142857,0.000000,0.985119,0.958716,0,1.065373,0.192047,0,Normal
312,0.811739,0.377397,53563,80,0.785714,0.000000,0.350836,0.574298,0,1.386037,0.988960,0,Normal
313,0.994273,0.525486,8510,80,0.571429,0.000000,0.905870,0.941443,0,1.935717,2.355023,1,|z|=2.36 >= 1.5
314,0.017180,0.051231,42651,53,0.000000,0.000000,0.154841,0.125933,0,0.143113,-2.099952,1,|z|=2.10 >= 1.5
315,0.418754,0.724180,38537,80,0.071429,0.000000,0.654297,0.767677,0,1.186431,0.492900,0,Normal
316,0.824624,0.833061,19427,80,0.142857,0.000000,0.355676,0.033984,0,0.858609,-0.321804,0,Normal
317,0.911238,0.412145,40225,443,0.357143,0.000000,0.661583,0.518688,0,1.429927,1.098035,0,Normal
318,0.306371,0.258640,49287,80,0.500000,0.000000,0.263174,0.880201,0,1.186572,0.493250,0,Normal
319,0.653543,0.044178,14712,53,0.928571,0.000000,0.025990,0.155115,0,0.808658,-0.445941,0,Normal
320,0.496063,0.283035,41998,443,0.071429,0.000000,0.100356,0.412883,1,0.908946,-0.196705,0,Normal
321,0.901933,0.895868,36596,80,0.214286,0.000000,0.862328,0.874267,0,1.776199,1.958591,1,|z|=1.96 >= 1.5
322,0.599857,0.205108,23720,53,1.000000,0.000000,0.211054,0.282183,1,0.882040,-0.263573,0,Normal
323,0.385111,0.048379,41680,80,0.857143,0.000000,0.562825,0.023240,0,0.408350,-1.440785,0,Normal
324,0.486042,0.295199,24107,80,0.428571,0.000000,0.243369,0.947360,0,1.433401,1.106669,0,Normal
325,0.754474,0.506631,63099,443,0.500000,0.000000,0.685825,0.974631,0,1.729105,1.841551,1,|z|=1.84 >= 1.5
326,0.830351,0.000000,34637,53,0.857143,0.000000,0.175661,0.754624,0,1.584975,1.483360,0,Normal
327,0.287044,0.526227,8224,53,0.357143,0.000000,0.820350,0.670402,0,0.957446,-0.076173,0,Normal
328,0.309950,0.560109,42732,80,0.642857,0.000000,0.367264,0.054121,1,0.364071,-1.550829,1,|z|=1.55 >= 1.5
329,0.307087,0.179680,21324,443,0.571429,0.000000,0.769923,0.096652,0,0.403738,-1.452247,0,Normal
330,0.925555,0.276297,57577,443,0.500000,0.000000,0.630014,0.049858,0,0.975412,-0.031524,0,Normal
331,0.672155,0.341439,46529,443,0.857143,0.000000,0.152434,0.574511,0,1.246665,0.642594,0,Normal
332,0.536865,0.890394,27998,53,0.928571,0.000000,0.777114,0.393076,0,0.929940,-0.144531,0,Normal
333,0.683608,0.065147,45194,53,0.928571,0.000000,0.683051,0.836637,0,1.520245,1.322493,0,Normal
334,0.617037,0.198722,50700,443,0.071429,0.000000,0.998290,0.864797,1,1.481834,1.227034,0,Normal
335,0.437366,0.795068,25785,80,0.071429,0.000000,0.100601,0.583080,0,1.020446,0.080394,0,Normal
336,0.911238,0.792047,47403,443,0.785714,0.000000,0.537518,0.075595,0,0.986833,-0.003141,0,Normal
337,0.253400,0.387490,7640,443,0.428571,0.000000,0.578955,0.331738,0,0.585138,-1.001432,0,Normal
338,0.406586,0.746013,28359,443,0.857143,0.000000,0.438719,0.534414,0,0.940999,-0.117047,0,Normal
339,0.904796,0.869359,14935,443,0.285714,0.000000,0.034183,0.582570,0,1.487366,1.240783,0,Normal
340,0.549749,0.476680,12110,53,0.142857,0.000000,0.440896,0.896043,0,1.445793,1.137465,0,Normal
341,0.503221,0.577668,27101,80,0.214286,0.000000,0.637928,0.756898,0,1.260119,0.676029,0,Normal
342,0.123837,0.156561,60139,53,0.714286,0.000000,0.320524,0.631903,0,0.755740,-0.577454,0,Normal
343,0.485326,0.357416,36161,53,0.857143,0.000000,0.086727,0.387456,0,0.872782,-0.286581,0,Normal
344,0.596278,0.229630,33153,80,0.142857,0.000000,0.573128,0.789717,0,1.385994,0.988854,0,Normal
345,0.919112,0.135603,45947,443,0.357143,0.000000,0.274006,0.743948,1,1.663061,1.677419,1,|z|=1.68 >= 1.5
346,0.575519,0.993521,46696,80,0.642857,0.000000,0.740964,0.425960,1,1.001479,0.033257,0,Normal
347,1.000000,0.475667,52901,80,0.000000,0.000000,0.783031,0.898641,0,1.898641,2.262883,1,|z|=2.26 >= 1.5
348,0.387258,0.595390,50202,80,0.642857,0.000000,0.410946,0.800004,0,1.187263,0.494966,0,Normal
349,0.354331,0.265203,1497,443,0.500000,0.000000,0.588732,0.602095,0,0.956425,-0.078710,0,Normal
350,0.468146,0.538179,8941,80,0.642857,0.000000,0.949754,0.721107,0,1.189253,0.499912,0,Normal
351,0.498926,0.373327,18089,80,0.000000,0.000000,0.068565,0.571503,0,1.070429,0.204611,0,Normal
352,0.683608,0.847370,34261,443,0.928571,0.000000,0.347724,0.119171,0,0.802779,-0.460551,0,Normal
353,0.646385,0.578219,53374,80,0.214286,0.000000,0.719043,0.271303,0,0.917688,-0.174979,0,Normal
354,0.882606,0.945454,43908,443,0.785714,0.000000,0.176249,0.169416,0,1.052022,0.158866,0,Normal
355,0.879026,0.774503,35986,53,0.285714,0.000000,0.050943,0.650786,0,1.529813,1.346271,0,Normal
356,0.491768,0.228269,31936,53,0.857143,0.000000,0.875856,0.876891,0,1.368659,0.945772,0,Normal
357,0.266285,0.915911,56150,443,0.642857,0.000000,0.429518,0.031617,0,0.297901,-1.715273,1,|z|=1.72 >= 1.5
358,0.709377,0.712371,18854,80,0.571429,0.000000,0.366958,0.803922,0,1.513300,1.305232,0,Normal
359,0.735147,0.482467,1581,443,0.571429,0.000000,0.899873,0.450393,0,1.185540,0.490685,0,Normal
360,0.501790,0.971599,44804,443,0.500000,0.000000,0.766050,0.872699,0,1.374489,0.960260,0,Normal
361,0.959914,0.920748,56606,443,0.714286,0.000000,0.921861,0.437190,0,1.397104,1.016463,0,Normal
362,0.070866,0.373724,9445,443,0.500000,0.000000,0.800529,0.158116,0,0.228982,-1.886550,1,|z|=1.89 >= 1.5
363,0.698640,0.653285,4899,443,0.357143,0.000000,0.618230,0.713349,0,1.411989,1.053455,0,Normal
364,0.980673,0.153617,12845,53,0.571429,0.000000,0.750927,0.059698,0,1.040370,0.129910,0,Normal
365,0.849678,0.766328,26486,53,0.857143,0.000000,0.581825,0.815666,1,1.665344,1.683092,1,|z|=1.68 >= 1.5
366,0.158196,0.435466,10492,80,0.714286,0.000000,0.829459,0.372507,0,0.530703,-1.136715,0,Normal
367,0.890480,0.665552,19294,80,0.642857,0.000000,0.586836,0.107328,0,0.997808,0.024134,0,Normal
368,0.473157,0.369583,42325,80,0.928571,0.000000,0.737101,0.067038,0,0.540194,-1.113126,0,Normal
369,0.090909,0.955020,51838,80,0.285714,0.000000,0.614579,0.954312,0,1.045221,0.141966,0,Normal
370,0.626342,0.935101,16723,80,0.714286,0.000000,1.000000,0.201233,0,0.827575,-0.398929,0,Normal
371,0.690766,0.479392,24767,80,0.857143,0.000000,0.528148,0.530374,0,1.221140,0.579159,0,Normal
372,0.254832,0.370985,46175,53,0.714286,0.000000,0.707632,0.298667,0,0.553499,-1.080062,0,Normal
373,0.034359,0.599057,13067,80,0.857143,0.000000,0.576432,0.118501,1,0.152860,-2.075728,1,|z|=2.08 >= 1.5
374,0.947745,0.284677,49893,53,0.142857,0.000000,0.879524,0.065492,0,1.013237,0.062478,0,Normal
375,0.999284,0.569691,11536,53,0.714286,0.000000,0.862829,0.452753,0,1.452038,1.152984,0,Normal
376,0.046528,0.344361,60125,443,0.000000,0.000000,0.428391,0.086642,0,0.133170,-2.124662,1,|z|=2.12 >= 1.5
377,0.460988,0.793726,64866,53,0.642857,0.000000,0.839695,0.797085,0,1.258073,0.670943,0,Normal
378,0.130279,0.973833,26735,80,0.714286,0.000000,0.170684,0.071960,1,0.202239,-1.953013,1,|z|=1.95 >= 1.5
379,0.040086,0.812864,7022,80,0.071429,0.000000,0.506324,0.734016,1,0.774102,-0.531820,0,Normal
380,0.434503,0.807524,11068,53,0.928571,0.000000,0.620303,0.040340,0,0.474843,-1.275539,0,Normal
381,0.976378,0.407986,24383,80,0.714286,0.000000,0.492422,0.140854,0,1.117232,0.320927,0,Normal
382,0.632069,0.652421,8246,53,0.285714,0.000000,0.618500,0.165137,0,0.797206,-0.474401,0,Normal
383,0.472441,0.864258,61175,443,0.714286,0.000000,0.258871,0.424742,0,0.897183,-0.225939,0,Normal
384,0.737294,0.845153,38845,443,0.928571,0.000000,0.729997,0.020953,0,0.758247,-0.571222,0,Normal
385,0.156764,0.067418,63074,53,0.214286,0.000000,0.049032,0.108659,0,0.265423,-1.795987,1,|z|=1.80 >= 1.5
386,0.539012,0.083279,11085,80,0.714286,0.000000,0.549060,0.537235,0,1.076247,0.219070,0,Normal
387,0.051539,0.447367,30635,443,0.642857,0.000000,0.314397,0.962415,0,1.013954,0.064260,0,Normal
388,0.737294,0.597297,29427,80,0.142857,0.000000,0.195366,0.794653,0,1.531947,1.351576,0,Normal
389,0.813171,0.197134,19072,80,0.500000,0.000000,0.909243,0.451127,0,1.264298,0.686414,0,Normal
390,0.035791,0.645784,65126,53,0.642857,0.000000,0.351616,0.136436,0,0.172227,-2.027598,1,|z|=2.03 >= 1.5
391,0.356478,0.797250,62721,443,0.428571,0.000000,0.650392,0.684501,0,1.040979,0.131424,0,Normal
392,0.234789,0.803862,14749,80,0.857143,0.000000,0.259979,0.256888,0,0.491677,-1.233702,0,Normal
393,0.627774,0.130204,18830,53,0.857143,0.000000,0.221214,0.989742,0,1.617516,1.564231,1,|z|=1.56 >= 1.5
394,0.264137,0.019551,23267,80,0.857143,0.000000,0.213878,0.525609,0,0.789746,-0.492941,0,Normal
395,0.495347,0.853797,37373,80,0.285714,0.000000,0.958633,0.050464,0,0.545811,-1.099168,0,Normal
396,0.570508,0.807503,5378,443,1.000000,0.000000,0.048330,0.329007,0,0.899516,-0.220142,0,Normal
397,0.332856,0.630714,54663,443,0.071429,0.000000,0.647097,0.938794,0,1.271651,0.704687,0,Normal
398,0.227631,0.865879,43000,53,0.285714,0.000000,0.535076,0.421069,0,0.648700,-0.843468,0,Normal
399,0.685755,0.944844,43725,53,0.571429,0.000000,0.229835,0.640110,0,1.325865,0.839421,0,Normal
400,0.450251,0.453872,42870,80,0.928571,0.000000,0.005095,0.196357,1,0.646608,-0.848669,0,Normal
401,1.000000,0.110363,28595,53,0.571429,0.000000,0.360319,0.264375,0,1.264375,0.686606,0,Normal
402,0.332140,0.798903,6540,443,0.071429,0.000000,0.637419,0.601418,0,0.933559,-0.135538,0,Normal
403,0.960630,0.377197,49546,443,0.428571,0.000000,0.737565,0.643072,0,1.603702,1.529901,1,|z|=1.53 >= 1.5
404,0.631353,0.685136,61584,80,0.714286,0.000000,0.195991,0.078821,0,0.710174,-0.690693,0,Normal
405,0.193987,0.428041,1372,53,0.785714,0.000000,0.239468,0.798618,0,0.992605,0.011203,0,Normal
406,0.262706,0.942963,40160,443,0.857143,0.000000,0.885117,0.158696,0,0.421402,-1.408349,0,Normal
407,0.698640,0.116491,28169,53,0.714286,0.000000,0.461283,0.868591,0,1.567231,1.439264,0,Normal
408,0.650680,0.965784,29736,53,0.357143,0.000000,0.940825,0.734359,1,1.385039,0.986481,0,Normal
409,0.967788,0.968939,28141,443,0.000000,0.000000,0.524928,0.432526,0,1.400314,1.024442,0,Normal
410,0.040802,0.539251,19263,53,0.428571,0.000000,0.938746,0.784272,0,0.825073,-0.405146,0,Normal
411,0.554760,0.641126,49325,53,0.785714,0.000000,0.219637,0.345216,0,0.899976,-0.218998,0,Normal
412,0.574087,0.159793,65419,80,0.928571,0.000000,0.897549,0.134098,0,0.708185,-0.695636,0,Normal
413,0.055834,0.324577,36872,53,0.500000,0.000000,0.995266,0.022195,1,0.078029,-2.261699,1,|z|=2.26 >= 1.5
414,0.612742,0.328025,16867,443,0.071429,0.000000,0.939069,0.879047,0,1.491789,1.251774,0,Normal
415,0.594846,0.891675,36679,53,0.428571,0.000000,0.858121,0.038254,0,0.633100,-0.882237,0,Normal
416,0.856836,0.868911,52531,443,0.857143,0.000000,0.193103,0.348814,0,1.205650,0.540661,0,Normal
417,0.647101,0.074225,25595,53,0.357143,0.000000,0.328942,0.381000,0,1.028101,0.099418,0,Normal
418,0.699356,0.881866,61465,443,0.214286,0.000000,0.187761,0.032308,1,0.731663,-0.637288,0,Normal
419,0.666428,0.394589,12425,443,0.928571,0.000000,0.307261,0.779261,0,1.445689,1.137208,0,Normal
420,0.982820,0.736575,52818,443,0.142857,0.000000,0.120534,0.988326,0,1.971146,2.443073,1,|z|=2.44 >= 1.5
421,0.874732,0.109982,60227,53,0.785714,0.000000,0.996975,0.520191,1,1.394923,1.011043,0,Normal
422,0.331424,0.065140,23095,53,0.285714,0.000000,0.529399,0.271555,0,0.602979,-0.957094,0,Normal
423,0.338583,0.120947,13816,443,0.785714,0.000000,0.692577,0.518711,0,0.857293,-0.325073,0,Normal
424,0.244094,0.374685,29058,53,0.642857,0.000000,0.906130,0.812876,0,1.056971,0.171165,0,Normal
425,0.289907,0.269393,3780,53,0.928571,0.000000,0.718913,0.742034,0,1.031941,0.108962,0,Normal
426,0.493916,0.514080,14833,80,0.642857,0.000000,0.310147,0.892535,0,1.386451,0.989988,0,Normal
427,0.319256,0.623063,39881,443,0.357143,0.000000,0.126799,0.765346,0,1.084602,0.239833,0,Normal
428,0.216893,0.460445,40155,443,0.214286,0.000000,0.575373,0.788400,0,1.005294,0.042737,0,Normal
429,0.692913,0.167805,63506,53,0.285714,0.000000,0.023109,0.081860,0,0.774773,-0.530151,0,Normal
430,0.397996,0.000595,51916,53,0.571429,0.000000,0.124159,0.814375,0,1.212371,0.557365,0,Normal
431,0.616321,0.672697,21940,80,0.857143,0.000000,0.100389,0.852057,0,1.468378,1.193593,0,Normal
432,0.448103,0.774566,57544,80,0.214286,0.000000,0.877595,0.750065,0,1.198168,0.522069,0,Normal
433,0.333572,0.908640,14968,443,0.071429,0.000000,0.716966,0.663354,0,0.996926,0.021941,0,Normal
434,0.828203,0.263461,62069,443,1.000000,0.000000,0.743958,0.316348,0,1.144551,0.388820,0,Normal
435,0.879026,0.147497,21152,80,0.928571,0.000000,0.474528,0.997911,0,1.876937,2.208944,1,|z|=2.21 >= 1.5
436,0.633500,0.495176,25837,80,0.714286,0.000000,0.513380,0.491475,0,1.124975,0.340169,0,Normal
437,0.854689,0.235367,4351,80,0.285714,0.000000,0.977256,0.546402,0,1.401091,1.026371,0,Normal
438,0.670723,0.733920,3939,443,0.214286,0.000000,0.533262,0.514761,0,1.185484,0.490547,0,Normal
439,0.508232,0.906499,47243,443,0.714286,0.000000,0.752234,0.966165,0,1.474397,1.208552,0,Normal
440,0.245526,0.580442,59158,80,0.642857,0.000000,0.715006,0.151990,0,0.397517,-1.467709,0,Normal
441,0.577666,0.627078,51070,80,0.928571,0.000000,0.097379,0.010079,0,0.587745,-0.994953,0,Normal
442,0.756621,0.279122,19882,443,0.285714,0.000000,0.407484,0.363236,0,1.119857,0.327451,0,Normal
443,0.113815,0.741696,11044,80,0.285714,0.000000,0.705235,0.285050,0,0.398866,-1.464356,0,Normal
444,0.478883,0.212741,65226,80,0.714286,0.000000,0.434153,0.542188,0,1.021072,0.081949,0,Normal
445,0.185397,0.892591,14067,80,0.142857,0.000000,0.047579,0.045648,0,0.231045,-1.881424,1,|z|=1.88 >= 1.5
446,0.768074,0.779543,36106,80,0.714286,0.000000,0.134084,0.539477,0,1.307551,0.793907,0,Normal
447,0.556192,0.942739,19488,53,0.285714,0.000000,0.764061,0.637495,0,1.193687,0.510933,0,Normal
448,0.402291,0.446458,49983,53,0.714286,0.000000,0.473463,0.642677,0,1.044967,0.141334,0,Normal
449,0.687187,0.356604,6952,443,0.000000,0.000000,0.687956,0.540922,0,1.228108,0.596476,0,Normal
450,0.506800,0.769546,4161,53,0.285714,0.000000,0.146138,0.087523,0,0.594323,-0.978607,0,Normal
451,0.376521,0.226225,48772,80,0.285714,0.000000,0.204672,0.673710,0,1.050231,0.154416,0,Normal
452,0.068719,0.523951,27805,53,0.428571,0.000000,0.592340,0.316264,0,0.384983,-1.498858,0,Normal
453,0.090909,0.536700,40231,443,0.000000,0.000000,0.244687,0.710758,0,0.801667,-0.463314,0,Normal
454,0.761632,0.695025,27327,80,0.428571,0.000000,0.300819,0.009257,0,0.770889,-0.539804,0,Normal
455,0.841088,0.753059,5982,53,0.000000,0.000000,0.611721,0.056704,0,0.897792,-0.224426,0,Normal
456,0.199714,0.805871,50973,443,0.928571,0.000000,0.971927,0.446733,0,0.646447,-0.849068,0,Normal
457,0.882606,0.314386,19344,53,0.642857,0.000000,0.845345,0.111071,0,0.993677,0.013867,0,Normal
458,0.930565,0.263230,3767,53,0.500000,0.000000,0.291046,0.240456,0,1.171022,0.454605,0,Normal
459,0.453114,0.843232,41785,53,0.571429,0.000000,0.597064,0.417542,0,0.870655,-0.291865,0,Normal
460,0.524696,0.443197,3146,80,0.000000,0.000000,0.918853,0.545711,0,1.070406,0.204555,0,Normal
461,0.738010,0.921887,44376,53,0.428571,0.000000,0.724978,0.277297,0,1.015307,0.067622,0,Normal
462,0.695061,0.064039,54559,443,0.357143,0.000000,0.440839,0.834572,0,1.529633,1.345825,0,Normal
463,0.986399,0.078768,14017,80,0.857143,0.000000,0.448350,0.805209,0,1.791609,1.996886,1,|z|=2.00 >= 1.5
464,0.362921,0.661489,42692,443,0.000000,0.000000,0.910620,0.083969,0,0.446890,-1.345007,0,Normal
465,0.650680,0.723184,16012,80,0.857143,0.000000,0.244050,0.773946,0,1.424626,1.084861,0,Normal
466,0.306371,0.707924,41062,80,0.714286,0.000000,0.187998,0.385695,0,0.692066,-0.735696,0,Normal
467,0.916965,0.735424,1369,80,0.357143,0.000000,0.452843,0.756473,0,1.673438,1.703209,1,|z|=1.70 >= 1.5
468,0.992126,0.754481,25314,443,0.357143,0.000000,0.792678,0.249840,0,1.241966,0.630914,0,Normal
469,0.641374,0.759141,59515,80,0.928571,0.000000,0.784802,0.102675,0,0.744050,-0.606506,0,Normal
470,0.253400,0.809817,9333,53,0.071429,0.000000,0.882981,0.510996,0,0.764396,-0.555942,0,Normal
471,0.313529,0.066946,37986,80,0.428571,0.000000,0.079051,0.975656,0,1.289185,0.748264,0,Normal
472,0.208304,0.955579,8700,53,0.642857,0.000000,0.562128,0.134620,0,0.342923,-1.603384,1,|z|=1.60 >= 1.5
473,0.627774,0.311034,50865,53,0.642857,0.000000,0.480708,0.936112,0,1.563886,1.430950,0,Normal
474,0.983536,0.341513,25476,443,0.357143,0.000000,0.109997,0.462735,0,1.446271,1.138653,0,Normal
475,0.318540,0.250183,54291,53,0.142857,0.000000,0.544929,0.417792,1,0.736332,-0.625685,0,Normal
476,0.588404,0.728713,60068,80,1.000000,0.000000,0.971505,0.275584,0,0.863988,-0.308436,0,Normal
477,0.248389,0.835730,11857,53,0.785714,0.000000,0.164961,0.343079,0,0.591469,-0.985700,0,Normal
478,0.255548,0.883558,21971,443,0.142857,0.000000,0.535892,0.166396,0,0.421944,-1.407002,0,Normal
479,0.385827,0.023650,16438,53,0.571429,0.000000,0.277476,0.277844,0,0.663671,-0.806263,0,Normal
480,0.700787,0.939769,58685,53,0.214286,0.000000,0.303667,0.109700,0,0.810487,-0.441395,0,Normal
481,0.441661,0.465244,34942,80,0.785714,0.000000,0.841413,0.867084,0,1.308745,0.796874,0,Normal
482,0.909807,0.162936,23064,53,0.857143,0.000000,0.576157,0.887349,0,1.797156,2.010672,1,|z|=2.01 >= 1.5
483,0.434503,0.023410,46749,443,0.571429,0.000000,0.508305,0.344047,0,0.778549,-0.520767,0,Normal
484,0.750179,0.432213,6810,53,1.000000,0.000000,0.863292,0.012405,0,0.762584,-0.560443,0,Normal
485,0.708661,0.189456,13793,443,0.142857,0.000000,0.817304,0.461504,0,1.170166,0.452477,0,Normal
486,0.994273,0.729041,47517,443,0.571429,0.000000,0.955980,0.535505,0,1.529779,1.346186,0,Normal
487,0.866858,0.162085,37634,443,0.571429,0.000000,0.731695,0.365139,0,1.231997,0.606139,0,Normal
488,0.640659,0.062348,63367,443,0.857143,0.000000,0.191541,0.194539,0,0.835197,-0.379986,0,Normal
489,0.239084,0.180222,65031,80,0.357143,0.000000,0.176038,0.902446,1,1.141529,0.381310,0,Normal
490,0.368647,0.441516,18810,443,0.214286,0.000000,0.496814,0.176388,0,0.545035,-1.101097,0,Normal
491,0.045097,0.399304,33701,53,0.000000,0.000000,0.389785,0.153619,1,0.198715,-1.961770,1,|z|=1.96 >= 1.5
492,0.622047,0.729306,43957,53,0.785714,0.000000,0.518447,0.319199,0,0.941246,-0.116433,0,Normal
493,0.075877,0.091000,4079,443,0.428571,0.000000,0.879874,0.463859,0,0.539736,-1.114267,0,Normal
494,0.521117,0.760693,59331,443,0.857143,0.000000,0.245331,0.143676,0,0.664793,-0.803475,0,Normal
495,0.292770,0.015268,43615,80,0.928571,0.000000,0.417870,0.634918,0,0.927689,-0.150126,0,Normal
496,0.735147,0.504995,12003,443,0.071429,0.000000,0.452325,0.145888,0,0.881035,-0.266070,0,Normal
497,0.091625,0.042055,20221,53,0.357143,0.000000,0.771402,0.407379,0,0.499004,-1.215493,0,Normal
498,0.746600,0.245663,25605,53,0.571429,0.000000,0.456149,0.112348,0,0.858948,-0.320962,0,Normal
499,0.387258,0.934255,62870,443,0.428571,0.000000,0.463451,0.936905,0,1.324164,0.835192,0,Normal
500,0.728704,0.034333,31998,53,0.357143,0.000000,0.760643,0.472872,0,1.201577,0.530540,0,Normal
501,0.049392,0.719129,35745,80,0.214286,0.000000,0.204505,0.991061,1,1.040453,0.130115,0,Normal
502,0.086614,0.330415,27670,443,0.928571,0.000000,0.355130,0.393184,0,0.479798,-1.263224,0,Normal
503,0.715820,0.935221,8972,443,0.142857,0.000000,0.014175,0.178874,0,0.894694,-0.232126,0,Normal
504,0.115247,0.187003,12138,443,0.714286,0.000000,0.719867,0.562467,0,0.677714,-0.771364,0,Normal
505,0.007874,0.847708,54068,53,0.785714,0.000000,0.051125,0.020749,0,0.028623,-2.384482,1,|z|=2.38 >= 1.5
506,0.595562,0.317436,29710,443,1.000000,0.000000,0.891313,0.673812,0,1.269373,0.699028,0,Normal
507,0.966356,0.292808,46958,443,0.428571,0.000000,0.086937,0.711877,0,1.678233,1.715125,1,|z|=1.72 >= 1.5
508,0.444524,0.455019,51000,443,0.071429,0.000000,0.921621,0.783288,0,1.227812,0.595739,0,Normal
509,0.272727,0.726981,60559,80,0.142857,0.000000,0.134194,0.806159,0,1.078887,0.225630,0,Normal
510,0.891911,0.272703,31536,443,0.214286,0.000000,0.367768,0.294999,0,1.186911,0.494092,0,Normal
511,0.937008,0.384348,29407,80,0.071429,0.000000,0.488388,0.002319,0,0.939326,-0.121204,0,Normal
512,0.332856,0.584499,40692,53,0.000000,0.000000,0.346458,0.027143,0,0.359999,-1.560948,1,|z|=1.56 >= 1.5
513,0.928418,0.725507,60573,80,0.000000,0.000000,0.914045,0.923464,0,1.851882,2.146677,1,|z|=2.15 >= 1.5
514,0.442377,0.460164,62728,443,0.071429,0.000000,0.432550,0.062323,1,0.504700,-1.201338,0,Normal
515,0.743021,0.855209,31378,443,0.285714,0.000000,0.472293,0.110465,0,0.853486,-0.334535,0,Normal
516,0.140301,0.930583,50605,80,0.642857,0.000000,0.379105,0.008760,0,0.149060,-2.085172,1,|z|=2.09 >= 1.5
517,0.184681,0.338630,59901,53,0.714286,0.000000,0.426359,0.220116,0,0.404798,-1.449615,0,Normal
518,0.564782,0.339772,4090,53,0.285714,0.000000,0.967500,0.617334,0,1.182116,0.482176,0,Normal
519,0.962777,0.111771,34924,53,0.214286,0.000000,0.488051,0.568450,0,1.531227,1.349786,0,Normal
520,0.093772,0.609483,36659,53,0.714286,0.000000,0.570493,0.576044,0,0.669816,-0.790990,0,Normal
521,0.312813,0.118377,8258,53,0.571429,0.000000,0.343239,0.554031,0,0.866844,-0.301337,0,Normal
522,0.112384,0.998666,23200,53,0.785714,0.000000,0.931179,0.751624,0,0.864007,-0.308387,0,Normal
523,0.627774,0.906839,10150,80,0.428571,0.000000,0.242525,0.280390,0,0.908164,-0.198650,0,Normal
524,0.979241,0.983520,19842,443,0.857143,0.000000,0.745524,0.286342,0,1.265583,0.689608,0,Normal
525,0.505369,0.321923,20538,443,0.428571,0.000000,0.696798,0.260219,0,0.765588,-0.552979,0,Normal
526,0.801718,0.342462,54949,443,0.928571,0.000000,0.443363,0.990405,0,1.792123,1.998165,1,|z|=2.00 >= 1.5
527,0.399427,0.495798,1348,53,0.285714,0.000000,0.052022,0.888940,0,1.288368,0.746232,0,Normal
528,0.556192,0.118561,54754,53,0.857143,0.000000,0.799246,0.359678,0,0.915870,-0.179498,0,Normal
529,0.216893,0.242401,6990,443,0.357143,0.000000,0.741292,0.149475,0,0.366368,-1.545118,1,|z|=1.55 >= 1.5
530,0.791696,0.654231,30370,53,0.571429,0.000000,0.002263,0.898548,0,1.690244,1.744975,1,|z|=1.74 >= 1.5
531,0.848246,0.674923,10367,80,0.428571,0.000000,0.509296,0.310451,0,1.158697,0.423975,0,Normal
532,0.256263,0.242988,19590,53,0.214286,0.000000,0.975843,0.078884,0,0.335147,-1.622709,1,|z|=1.62 >= 1.5
533,0.447387,0.698964,13822,80,0.642857,0.000000,0.163986,0.226132,0,0.673520,-0.781787,0,Normal
534,0.803150,0.880145,58339,443,0.642857,0.000000,0.821310,0.119838,0,0.922987,-0.161810,0,Normal
535,0.867573,0.192935,28837,443,1.000000,0.000000,0.846053,0.158728,1,1.026301,0.094945,0,Normal
536,0.731568,0.155774,54493,53,0.357143,0.000000,0.786066,0.893562,0,1.625129,1.583152,1,|z|=1.58 >= 1.5
537,0.432355,0.919454,31868,53,0.071429,0.000000,0.642855,0.283237,0,0.715592,-0.677228,0,Normal
538,0.128848,0.557891,50350,443,0.500000,0.000000,0.789468,0.018884,1,0.147732,-2.088474,1,|z|=2.09 >= 1.5
539,0.967788,0.143034,27323,80,0.500000,0.000000,0.020255,0.910381,0,1.878169,2.212007,1,|z|=2.21 >= 1.5
540,0.846815,0.407998,1113,80,0.285714,0.000000,0.302477,0.859356,1,1.706171,1.784556,1,|z|=1.78 >= 1.5
541,0.920544,0.833144,62247,53,0.785714,0.000000,0.982069,0.669964,0,1.590508,1.497112,0,Normal
542,0.284896,0.100683,40661,443,0.071429,0.000000,0.799439,0.718422,0,1.003318,0.037828,0,Normal
543,0.823908,0.863496,60802,443,0.500000,0.000000,0.324919,0.025701,0,0.849609,-0.344169,0,Normal
544,0.571224,0.930531,29265,80,0.571429,0.000000,0.647820,0.220772,0,0.791996,-0.487349,0,Normal
545,0.907659,0.591492,57387,53,0.071429,0.000000,0.549329,0.339366,0,1.247025,0.643488,0,Normal
546,0.304223,0.497076,5688,443,0.000000,0.000000,0.834360,0.853714,0,1.157937,0.422086,0,Normal
547,0.783107,0.250873,3839,443,0.500000,0.000000,0.361564,0.987347,0,1.770454,1.944312,1,|z|=1.94 >= 1.5
548,0.695777,0.305960,23975,80,0.214286,0.000000,0.573095,0.588794,0,1.284571,0.736797,0,Normal
549,0.256263,0.814137,26092,53,0.000000,0.000000,0.106355,0.366081,0,0.622345,-0.908967,0,Normal
550,0.939871,0.269625,50704,443,0.071429,0.000000,0.000000,0.428225,1,1.368096,0.944373,0,Normal
551,0.734431,0.451602,14839,53,0.857143,0.000000,0.798052,0.898615,0,1.633046,1.602827,1,|z|=1.60 >= 1.5
552,0.805297,0.095005,39322,80,0.500000,0.000000,0.489738,0.937468,0,1.742765,1.875499,1,|z|=1.88 >= 1.5
553,0.820329,0.269770,6033,443,0.214286,0.000000,0.721712,0.329575,1,1.149904,0.402123,0,Normal
554,0.214746,0.753444,33263,53,0.785714,0.000000,0.479991,0.173925,0,0.388671,-1.489693,0,Normal
555,0.526843,0.312801,13350,80,0.785714,0.000000,0.199281,0.166258,0,0.693101,-0.733123,0,Normal
556,0.729420,0.338416,25223,80,0.642857,0.000000,0.985780,0.643938,0,1.373358,0.957451,0,Normal
557,0.267001,0.612502,64819,80,0.214286,0.000000,0.910395,0.953064,0,1.220065,0.576486,0,Normal
558,0.675734,0.702091,49475,443,0.571429,0.000000,0.832783,0.245023,0,0.920757,-0.167354,0,Normal
559,0.765927,0.746792,14842,53,0.142857,0.000000,0.970718,0.701670,0,1.467597,1.191654,0,Normal
560,0.637795,0.005610,14218,443,1.000000,0.000000,0.769447,0.281429,0,0.919224,-0.171163,0,Normal
561,0.183250,0.755519,16118,80,0.428571,0.000000,0.780278,0.907414,0,1.090663,0.254898,0,Normal
562,0.264853,0.584415,50926,53,0.357143,0.000000,0.560771,0.747833,0,1.012686,0.061110,0,Normal
563,0.331424,0.040465,53096,53,0.142857,0.000000,0.526034,0.518970,0,0.850394,-0.342218,0,Normal
564,0.781675,0.173224,12692,80,0.428571,0.000000,0.799299,0.593046,0,1.374721,0.960837,0,Normal
565,0.961346,0.575816,47688,80,0.071429,0.000000,0.531723,0.898586,0,1.859931,2.166681,1,|z|=2.17 >= 1.5
566,0.137437,0.404227,31288,80,0.500000,0.000000,0.198491,0.470131,0,0.607569,-0.945688,0,Normal
567,0.343593,0.855623,36053,443,0.571429,0.000000,0.982106,0.675933,0,1.019526,0.078108,0,Normal
568,0.554044,0.113043,21324,443,0.071429,0.000000,0.625577,0.894441,0,1.448485,1.144156,0,Normal
569,0.217609,0.726402,19458,80,0.857143,0.000000,0.633432,0.444790,0,0.662399,-0.809424,0,Normal
570,0.205440,0.523133,36764,80,0.857143,0.000000,0.601287,0.891070,0,1.096511,0.269430,0,Normal
571,0.596278,0.566784,14726,443,0.857143,0.000000,0.182554,0.921319,0,1.517596,1.315911,0,Normal
572,0.682176,0.140798,44730,443,0.857143,0.000000,0.127615,0.408988,0,1.091164,0.256142,0,Normal
573,0.065855,0.569020,23330,53,0.357143,0.000000,0.187146,0.482996,0,0.548852,-1.091612,0,Normal
574,0.201861,0.510179,46882,443,0.857143,0.000000,0.238760,0.980103,0,1.181965,0.481800,0,Normal
575,0.167502,0.085539,61138,80,0.285714,0.000000,0.466344,0.818257,0,0.985759,-0.005811,0,Normal
576,0.559771,0.436623,39908,80,1.000000,0.000000,0.961802,0.914177,0,1.473948,1.207436,0,Normal
577,0.470293,0.358008,34067,443,0.500000,0.000000,0.949383,0.773964,0,1.244258,0.636610,0,Normal
578,0.062276,0.738501,26149,443,0.642857,0.000000,0.567697,0.723064,0,0.785341,-0.503889,0,Normal
579,0.882606,0.273493,44821,80,0.428571,0.000000,0.181017,0.642604,1,1.525210,1.334833,0,Normal
580,0.805297,0.167957,36384,443,0.928571,0.000000,0.103451,0.999485,0,1.804782,2.029625,1,|z|=2.03 >= 1.5
581,0.796707,0.223954,54534,53,0.500000,0.000000,0.579189,0.769823,0,1.566530,1.437521,0,Normal
582,0.541875,0.108752,44498,53,0.214286,0.000000,0.859898,0.062756,0,0.604631,-0.952988,0,Normal
583,0.203293,0.940553,62799,53,0.571429,0.000000,0.594533,0.048152,0,0.251445,-1.830726,1,|z|=1.83 >= 1.5
584,0.030780,0.636074,25198,443,0.428571,0.000000,0.957109,0.147998,0,0.178778,-2.011318,1,|z|=2.01 >= 1.5
585,0.717967,0.958650,10909,80,0.714286,0.000000,0.043922,0.488602,0,1.206570,0.542948,0,Normal
586,0.189692,0.235785,48501,80,0.428571,0.000000,0.889453,0.166151,0,0.355843,-1.571277,1,|z|=1.57 >= 1.5
587,0.153185,0.958291,1207,443,0.500000,0.000000,0.506832,0.927053,0,1.080239,0.228990,0,Normal
588,0.397996,0.463408,54882,80,0.857143,0.000000,0.164382,0.019513,0,0.417508,-1.418026,0,Normal
589,0.308518,0.166178,31223,53,0.500000,0.000000,0.371903,0.859380,0,1.167898,0.446841,0,Normal
590,0.845383,0.649565,8432,443,0.500000,0.000000,0.970158,0.605270,0,1.450653,1.149544,0,Normal
591,0.504653,0.265671,32164,80,0.000000,0.000000,0.031860,0.687200,0,1.191853,0.506374,0,Normal
592,0.589120,0.706377,33493,443,0.928571,0.000000,0.170756,0.273006,0,0.862126,-0.313064,0,Normal
593,0.936292,0.866838,2044,443,0.214286,0.000000,0.648710,0.157448,0,1.093740,0.262544,0,Normal
594,0.808160,0.323442,65291,53,0.285714,0.000000,0.022052,0.196015,0,1.004175,0.039957,0,Normal
595,0.113815,0.795218,24020,53,0.000000,0.000000,0.784207,0.294347,0,0.408162,-1.441253,0,Normal
596,0.879026,0.952540,52638,80,0.142857,0.000000,0.704038,0.363857,1,1.242883,0.633194,0,Normal
597,0.324982,0.158556,12091,80,0.071429,0.000000,0.178511,0.796122,0,1.121104,0.330550,0,Normal
598,0.412312,0.293966,56703,80,1.000000,0.000000,0.026860,0.931804,0,1.344116,0.884777,0,Normal
599,0.022906,0.616620,51199,80,0.142857,0.000000,0.462519,0.588596,1,0.611502,-0.935913,0,Normal
600,0.318540,0.420368,2998,80,0.928571,0.000000,0.004321,0.792751,0,1.111291,0.306160,0,Normal
601,0.568361,0.611424,18100,80,0.928571,0.000000,0.660083,0.434122,0,1.002483,0.035753,0,Normal
602,0.912670,0.671812,64434,80,1.000000,0.000000,0.277068,0.096301,0,1.008971,0.051876,0,Normal
603,0.241947,0.753664,59258,443,0.357143,0.000000,0.428107,0.987462,0,1.229409,0.599709,0,Normal
604,0.486757,0.670979,16592,443,0.357143,0.000000,0.304957,0.188758,0,0.675516,-0.776826,0,Normal
605,0.066571,0.967173,2899,80,0.928571,0.000000,0.239091,0.591471,0,0.658042,-0.820251,0,Normal
606,0.473157,0.339480,19073,443,0.000000,0.000000,0.936961,0.223283,0,0.696440,-0.724826,0,Normal
607,0.583393,0.962817,38113,80,1.000000,0.000000,0.258367,0.855460,0,1.438853,1.120219,0,Normal
608,0.977810,0.900326,19524,80,0.928571,0.000000,0.323915,0.633098,0,1.610908,1.547809,1,|z|=1.55 >= 1.5
609,0.740157,0.384970,17963,80,0.642857,0.000000,0.873929,0.709803,0,1.449961,1.147823,0,Normal
610,0.499642,0.100114,13606,443,0.357143,0.000000,0.110629,0.271436,0,0.771078,-0.539335,0,Normal
611,0.493200,0.258311,45142,443,0.428571,0.000000,0.028299,0.832545,0,1.325744,0.839120,0,Normal
612,0.061560,0.744667,44106,80,0.357143,0.000000,0.519329,0.840745,0,0.902305,-0.213209,0,Normal
613,0.846815,0.685822,58551,53,0.500000,0.000000,0.655616,0.362979,0,1.209793,0.550960,0,Normal
614,0.627774,0.966966,5314,53,0.142857,0.000000,0.230739,0.244710,0,0.872484,-0.287322,0,Normal
615,0.712956,0.519544,51359,80,0.785714,0.000000,0.269903,0.735372,0,1.448328,1.143765,0,Normal
616,0.343593,0.925507,51754,443,0.857143,0.000000,0.042635,0.697894,0,1.041488,0.132686,0,Normal
617,0.017895,0.361329,5285,80,0.714286,0.000000,0.832265,0.403032,0,0.420928,-1.409528,0,Normal
618,0.631353,0.144602,51208,53,0.642857,0.000000,0.496058,0.524393,0,1.155745,0.416640,0,Normal
619,0.183966,0.170001,22140,53,0.000000,0.000000,0.685258,0.907090,0,1.091055,0.255872,0,Normal
620,0.043665,0.742924,48645,80,0.000000,0.000000,0.459333,0.948761,0,0.992426,0.010758,0,Normal
621,0.624195,0.063933,9470,53,0.500000,0.000000,0.152562,0.599420,0,1.223615,0.585308,0,Normal
622,0.175376,0.724839,27879,80,0.642857,0.000000,0.357358,0.142244,0,0.317620,-1.666269,1,|z|=1.67 >= 1.5
623,0.824624,0.051391,17493,443,0.071429,0.000000,0.863224,0.771138,0,1.595762,1.510169,1,|z|=1.51 >= 1.5
624,0.926271,0.340290,52112,53,0.785714,0.000000,0.093745,0.022211,0,0.948481,-0.098452,0,Normal
625,0.536865,0.220129,47274,53,0.285714,0.000000,0.229488,0.849689,0,1.386554,0.990244,0,Normal
626,0.260558,0.717638,56066,53,0.928571,0.000000,0.033046,0.058186,0,0.318745,-1.663473,1,|z|=1.66 >= 1.5
627,0.525412,0.949720,49786,53,0.714286,0.000000,0.422632,0.743175,1,1.268587,0.697072,0,Normal
628,0.116679,0.868547,31495,443,1.000000,0.000000,0.460653,0.605746,1,0.722425,-0.660248,0,Normal
629,0.498926,0.975570,25001,80,0.642857,0.000000,0.363914,0.228088,0,0.727014,-0.648842,0,Normal
630,0.375089,0.260439,39847,80,0.642857,0.000000,0.834051,0.071565,0,0.446655,-1.345591,0,Normal
631,0.312097,0.687011,24140,53,0.214286,0.000000,0.755591,0.544446,1,0.856543,-0.326938,0,Normal
632,0.015748,0.027628,50172,80,0.857143,0.000000,0.219381,0.028391,0,0.044139,-2.345923,1,|z|=2.35 >= 1.5
633,0.335719,0.849285,24357,443,0.357143,0.000000,0.238598,0.593202,0,0.928921,-0.147063,0,Normal
634,0.183250,0.560483,13318,53,0.642857,0.000000,0.580436,0.277671,0,0.460921,-1.310137,0,Normal
635,0.696492,0.475399,47661,53,0.642857,0.000000,0.280334,0.771650,0,1.468142,1.193008,0,Normal
636,0.835361,0.679520,23124,80,0.642857,0.000000,0.083253,0.957256,0,1.792617,1.999392,1,|z|=2.00 >= 1.5
637,0.118826,0.096096,13071,443,0.785714,0.000000,0.314563,0.715460,0,0.834286,-0.382250,0,Normal
638,0.110236,0.988284,31478,443,0.142857,0.000000,0.141192,0.265151,0,0.375387,-1.522706,1,|z|=1.52 >= 1.5
639,0.768074,0.536966,19542,80,0.857143,0.000000,0.363468,0.864442,0,1.632516,1.601510,1,|z|=1.60 >= 1.5
640,0.093057,0.416100,64129,443,0.714286,0.000000,0.828280,0.660933,0,0.753990,-0.581803,0,Normal
641,0.987115,0.673650,9847,443,0.285714,0.000000,0.330083,0.973603,0,1.960718,2.417156,1,|z|=2.42 >= 1.5
642,0.145311,0.745536,18476,443,0.071429,0.000000,0.112769,0.280366,0,0.425677,-1.397724,0,Normal
643,0.720115,0.108692,1286,443,0.857143,0.000000,0.237313,0.106016,0,0.826131,-0.402517,0,Normal
644,0.424481,0.849190,58280,80,0.142857,0.000000,0.120754,0.133496,0,0.557977,-1.068933,0,Normal
645,0.927702,0.749920,25911,80,0.571429,0.000000,0.132086,0.426843,0,1.354546,0.910697,0,Normal
646,0.874016,0.939459,42096,80,0.642857,0.000000,0.258575,0.728105,1,1.602121,1.525971,1,|z|=1.53 >= 1.5
647,0.067287,0.316494,47182,443,0.285714,0.000000,0.938954,0.297980,0,0.365267,-1.547855,1,|z|=1.55 >= 1.5
648,0.643522,0.589195,28995,443,0.357143,0.000000,0.622954,0.361309,0,1.004831,0.041587,0,Normal
649,0.256979,0.867901,33873,53,0.357143,0.000000,0.331003,0.485049,0,0.742028,-0.611530,0,Normal
650,0.740157,0.722767,22455,80,0.428571,0.000000,0.228426,0.623066,0,1.363224,0.932265,0,Normal
651,0.146743,0.507828,52725,53,0.214286,0.000000,0.595985,0.640766,1,0.787509,-0.498500,0,Normal
652,0.178955,0.767612,39258,53,0.357143,0.000000,0.542626,0.514387,0,0.693342,-0.732524,0,Normal
653,0.221904,0.156649,20902,53,0.071429,0.000000,0.151489,0.629794,0,0.851698,-0.338978,0,Normal
654,0.944882,0.707162,37011,443,0.428571,0.000000,0.394293,0.330431,0,1.275313,0.713789,0,Normal
655,0.295634,0.774379,57689,80,0.071429,0.000000,0.538433,0.008901,0,0.304535,-1.698787,1,|z|=1.70 >= 1.5
656,0.651396,0.649795,52011,53,0.571429,0.000000,0.105135,0.379082,0,1.030478,0.105325,0,Normal
657,0.820329,0.597830,40363,443,0.214286,0.000000,0.089134,0.651348,0,1.471677,1.201793,0,Normal
658,0.122405,0.409202,23068,80,1.000000,0.000000,0.338282,0.368308,0,0.490713,-1.236097,0,Normal
659,0.284896,0.568372,6061,80,0.571429,0.000000,0.297542,0.000000,0,0.284896,-1.747593,1,|z|=1.75 >= 1.5
660,0.382963,0.781494,49095,80,0.071429,0.000000,0.067443,0.469169,0,0.852133,-0.337897,0,Normal
661,0.725841,0.691102,40569,53,0.285714,0.000000,0.332748,0.227892,0,0.953733,-0.085400,0,Normal
662,0.467430,0.055018,16225,53,0.285714,0.000000,0.419732,0.535526,0,1.002956,0.036929,0,Normal
663,0.519685,0.041605,15085,443,0.357143,0.000000,0.612097,0.346539,1,0.866224,-0.302879,0,Normal
664,0.565497,0.122500,41389,80,0.214286,0.000000,0.365399,0.364877,0,0.930375,-0.143451,0,Normal
665,0.051539,0.637205,15874,443,0.571429,0.000000,0.836811,0.216435,0,0.267974,-1.789649,1,|z|=1.79 >= 1.5
666,0.624911,0.761709,32028,80,0.285714,0.000000,0.426425,0.630657,1,1.255568,0.664718,0,Normal
667,0.612026,0.550903,16810,80,0.642857,0.000000,0.541346,0.064947,0,0.676973,-0.773205,0,Normal
668,0.927702,0.574319,21480,443,0.571429,0.000000,0.563370,0.091949,0,1.019651,0.078418,0,Normal
669,0.012169,0.443769,19549,443,0.571429,0.000000,0.408018,0.120665,0,0.132834,-2.125499,1,|z|=2.13 >= 1.5
670,0.745168,0.466456,61683,80,1.000000,0.000000,0.554119,0.393273,0,1.138441,0.373635,0,Normal
671,0.409449,0.871035,18914,443,0.357143,0.000000,0.155517,0.974574,0,1.384023,0.983955,0,Normal
672,0.629205,0.267600,51347,80,0.785714,0.000000,0.785930,0.606520,0,1.235726,0.615407,0,Normal
673,0.604152,0.411296,14639,80,1.000000,0.000000,0.849446,0.035086,0,0.639237,-0.866985,0,Normal
674,0.977810,0.148428,18174,53,0.642857,0.000000,0.506187,0.754310,0,1.732120,1.849044,1,|z|=1.85 >= 1.5
675,0.816750,0.408164,55893,443,0.857143,0.000000,0.646230,0.950144,0,1.766894,1.935465,1,|z|=1.94 >= 1.5
676,0.000000,0.708424,52651,80,0.928571,0.000000,0.907368,0.552525,0,0.552525,-1.082483,0,Normal
677,0.320687,0.478454,2817,443,0.642857,0.000000,0.952708,0.552045,0,0.872732,-0.286704,0,Normal
678,0.581246,0.891355,20165,80,0.500000,0.000000,0.319142,0.103276,0,0.684522,-0.754445,0,Normal
679,0.785254,0.151109,55956,443,0.357143,0.000000,0.787481,0.709947,0,1.495202,1.260255,0,Normal
680,0.835361,0.285220,29436,53,0.642857,0.000000,0.872909,0.754813,0,1.590174,1.496281,0,Normal
681,0.159628,0.410157,26713,80,0.642857,0.000000,0.257272,0.200398,0,0.360025,-1.560882,1,|z|=1.56 >= 1.5
682,0.077309,0.075821,30660,443,0.214286,0.000000,0.548214,0.466013,1,0.543322,-1.105354,0,Normal
683,0.139585,0.783831,37009,443,0.357143,0.000000,0.667071,0.601361,0,0.740946,-0.614220,0,Normal
684,0.037938,0.255159,20949,80,0.571429,0.000000,0.003970,0.742982,0,0.780921,-0.514874,0,Normal
685,0.349320,0.221952,30973,80,0.928571,0.000000,0.228344,0.979208,0,1.328528,0.846039,0,Normal
686,0.241231,0.081253,29030,443,0.428571,0.000000,0.068784,0.533955,0,0.775186,-0.529126,0,Normal
687,0.682892,0.143713,19554,80,0.785714,0.000000,0.847838,0.885801,0,1.568693,1.442896,0,Normal
688,0.943450,0.532817,3057,443,0.142857,0.000000,0.110327,0.788228,1,1.731678,1.847947,1,|z|=1.85 >= 1.5
689,0.958482,0.508757,28764,443,0.142857,0.000000,0.185303,0.139309,0,1.097792,0.272613,0,Normal
690,0.465283,0.419861,25574,80,0.928571,0.000000,0.034302,0.704374,0,1.169657,0.451213,0,Normal
691,0.105941,0.856849,20746,443,0.785714,0.000000,0.916746,0.245782,0,0.351723,-1.581515,1,|z|=1.58 >= 1.5
692,0.002147,0.774750,8339,80,0.071429,0.000000,0.338037,0.724660,0,0.726808,-0.649356,0,Normal
693,0.687903,0.457749,32883,443,0.928571,0.000000,0.822445,0.940607,0,1.628510,1.591554,1,|z|=1.59 >= 1.5
694,0.984252,0.460465,38723,443,0.500000,0.000000,0.300828,0.778269,0,1.762521,1.924597,1,|z|=1.92 >= 1.5
695,0.732999,0.562417,53509,80,0.500000,0.000000,0.324966,0.285520,1,1.018519,0.075605,0,Normal
696,0.722978,0.110637,4014,80,1.000000,0.000000,0.968903,0.443069,1,1.166047,0.442240,0,Normal
697,0.517538,0.102890,19777,80,0.857143,0.000000,0.531372,0.355463,1,0.873000,-0.286038,0,Normal
698,0.089477,0.704103,50699,443,0.214286,0.000000,0.590815,0.884858,0,0.974335,-0.034201,0,Normal
699,0.619900,0.194953,52745,53,0.142857,0.000000,0.477999,0.169267,0,0.789167,-0.494380,0,Normal
700,0.376521,0.502710,31961,443,0.285714,0.000000,0.774348,0.237139,0,0.613660,-0.930550,0,Normal
701,0.536149,0.738564,61458,53,0.928571,0.000000,0.731785,0.468303,0,1.004452,0.040645,0,Normal
702,0.939155,0.840919,18598,53,0.000000,0.000000,0.837572,0.014942,0,0.954097,-0.084496,0,Normal
703,0.629921,0.125241,9612,80,0.571429,0.000000,0.682845,0.467506,0,1.097428,0.271709,0,Normal
704,0.867573,0.754371,38198,443,0.071429,0.000000,0.552869,0.260237,0,1.127810,0.347215,0,Normal
705,0.165354,0.218035,37889,80,1.000000,0.000000,0.635469,0.048541,0,0.213895,-1.924044,1,|z|=1.92 >= 1.5
706,0.912670,0.851845,41922,53,0.142857,0.000000,0.933587,0.840576,0,1.753246,1.901548,1,|z|=1.90 >= 1.5
707,0.332140,0.472784,29512,443,0.214286,0.000000,0.947595,0.917983,0,1.250123,0.651187,0,Normal
708,0.902649,0.766000,37735,53,0.785714,0.000000,0.057763,0.180152,0,1.082800,0.235357,0,Normal
709,0.269148,0.953147,39971,53,0.571429,0.000000,0.863125,0.405218,0,0.674366,-0.779683,0,Normal
710,0.391553,0.189291,21609,53,0.857143,0.000000,0.932519,0.257708,0,0.649262,-0.842073,0,Normal
711,0.422334,0.615341,11573,443,0.285714,0.000000,0.807543,0.485752,0,0.908086,-0.198844,0,Normal
712,0.029349,0.485307,24956,53,0.142857,0.000000,0.255203,0.930703,0,0.960051,-0.069699,0,Normal
713,0.767359,0.159462,59552,443,1.000000,0.000000,0.197217,0.267678,0,1.035036,0.116654,0,Normal
714,0.052971,0.534816,26344,80,0.571429,0.000000,0.954656,0.350928,0,0.403898,-1.451849,0,Normal
715,0.751611,0.401331,23269,80,0.642857,0.000000,0.736838,0.154503,0,0.906114,-0.203744,0,Normal
716,0.418039,0.353760,4775,80,0.428571,0.000000,0.824453,0.135152,0,0.553191,-1.080827,0,Normal
717,0.908375,0.385573,25157,80,0.571429,0.000000,0.722307,0.824163,0,1.732538,1.850084,1,|z|=1.85 >= 1.5
718,0.188261,0.917302,49377,53,0.000000,0.000000,0.457109,0.228584,1,0.416845,-1.419674,0,Normal
719,0.212598,0.865414,11074,80,0.357143,0.000000,0.867120,0.282188,0,0.494787,-1.225974,0,Normal
720,0.098067,0.813264,42759,53,0.928571,0.000000,0.083122,0.564713,0,0.662781,-0.808476,0,Normal
721,0.338583,0.343220,2865,53,0.071429,0.000000,0.047143,0.527818,0,0.866401,-0.302439,0,Normal
722,0.800286,0.674992,51869,80,0.785714,0.000000,0.284928,0.021028,0,0.821314,-0.414487,0,Normal
723,0.226915,0.381345,17161,53,0.642857,0.000000,0.690942,0.180387,0,0.407302,-1.443390,0,Normal
724,0.199714,0.060287,60322,80,0.857143,0.000000,0.999789,0.293276,0,0.492989,-1.230440,0,Normal
725,0.554760,0.450255,9157,80,0.071429,0.000000,0.453718,0.721225,0,1.275985,0.715459,0,Normal
726,0.138869,0.236282,63379,443,0.642857,0.000000,0.030724,0.766411,0,0.905280,-0.205816,0,Normal
727,0.183250,0.477837,21320,53,0.500000,0.000000,0.002198,0.913401,0,1.096651,0.269779,0,Normal
728,0.273443,0.144609,13897,443,0.928571,0.000000,0.487638,0.333767,1,0.607211,-0.946578,0,Normal
729,0.601288,0.325212,21686,443,1.000000,0.000000,0.508702,0.393157,0,0.994446,0.015777,0,Normal
730,0.270580,0.506839,24335,53,0.642857,0.000000,0.103892,0.445622,0,0.716202,-0.675713,0,Normal
731,0.649248,0.578253,12967,443,0.785714,0.000000,0.240099,0.499290,0,1.148539,0.398730,0,Normal
732,0.210451,0.241875,2858,53,0.642857,0.000000,0.129134,0.164714,0,0.375165,-1.523257,1,|z|=1.52 >= 1.5
733,0.808876,0.836906,16252,443,0.785714,0.000000,0.093505,0.742057,0,1.550933,1.398760,0,Normal
734,0.268432,0.190267,2818,443,0.285714,0.000000,0.765310,0.480406,0,0.748839,-0.594604,0,Normal
735,0.043665,0.297484,17764,443,0.500000,0.000000,0.066885,0.112106,0,0.155771,-2.068494,1,|z|=2.07 >= 1.5
736,0.427344,0.746957,15040,53,0.785714,0.000000,0.880001,0.842052,0,1.269396,0.699085,0,Normal
737,0.155333,0.928721,38410,443,1.000000,0.000000,0.958002,0.369060,0,0.524393,-1.152396,0,Normal
738,0.799571,0.903250,32681,443,0.500000,0.000000,0.006137,0.605591,0,1.405162,1.036488,0,Normal
739,0.179671,0.640292,20005,443,0.642857,0.000000,0.437536,0.138904,1,0.318574,-1.663896,1,|z|=1.66 >= 1.5
740,0.687903,0.466218,50558,443,0.571429,0.000000,0.776731,0.350906,0,1.038809,0.126029,0,Normal
741,0.073014,0.358897,31065,53,1.000000,0.000000,0.767356,0.141292,0,0.214305,-1.923025,1,|z|=1.92 >= 1.5
742,0.929850,0.744555,59236,53,0.714286,0.000000,0.181414,0.088195,0,1.018044,0.074425,0,Normal
743,0.540444,0.829329,37850,443,0.571429,0.000000,0.327206,0.186570,0,0.727014,-0.648844,0,Normal
744,0.307802,0.341577,13901,80,0.071429,0.000000,0.298867,0.914010,0,1.221812,0.580828,0,Normal
745,0.322835,0.583720,27999,443,0.714286,0.000000,0.917705,0.981491,0,1.304325,0.785890,0,Normal
746,0.491052,0.382556,62872,443,0.785714,0.000000,0.618632,0.052849,0,0.543901,-1.103914,0,Normal
747,0.300644,0.814242,35213,53,0.857143,0.000000,0.788537,0.396689,0,0.697333,-0.722606,0,Normal
748,0.074445,0.132848,8279,80,0.428571,0.000000,0.681923,0.614113,1,0.688558,-0.744414,0,Normal
749,0.420902,0.053161,2166,53,0.000000,0.000000,0.499258,0.763125,0,1.184027,0.486926,0,Normal
750,0.961346,0.630653,27053,80,0.714286,0.000000,0.993080,0.127272,0,1.088617,0.249813,0,Normal
751,0.222620,0.616124,35935,443,0.214286,0.000000,0.018491,0.740603,0,0.963223,-0.061817,0,Normal
752,0.237652,0.687682,51576,443,0.357143,0.000000,0.386452,0.987596,0,1.225248,0.589367,0,Normal
753,0.053686,0.760581,13106,80,1.000000,0.000000,0.577226,0.276622,0,0.330309,-1.634734,1,|z|=1.63 >= 1.5
754,0.317108,0.803076,28011,443,0.571429,0.000000,0.411738,0.861548,0,1.178656,0.473577,0,Normal
755,0.535433,0.446810,42609,443,0.071429,0.000000,0.610054,0.955318,0,1.490751,1.249196,0,Normal
756,0.159628,0.304625,46357,443,0.857143,0.000000,0.988275,0.840513,0,1.000141,0.029931,0,Normal
757,0.159628,0.634689,23607,80,0.500000,0.000000,0.276368,0.335440,1,0.495068,-1.225275,0,Normal
758,0.115247,0.892061,30293,53,0.214286,0.000000,0.564531,0.566054,0,0.681301,-0.762448,0,Normal
759,0.269148,0.387173,34577,80,0.285714,0.000000,0.686009,0.378303,0,0.647452,-0.846571,0,Normal
760,0.294202,0.017920,4864,443,0.000000,0.000000,0.418312,0.143607,0,0.437809,-1.367575,0,Normal
761,0.023622,0.090055,19743,53,0.928571,0.000000,0.409588,0.270668,0,0.294290,-1.724249,1,|z|=1.72 >= 1.5
762,0.539728,0.488085,33400,443,0.357143,0.000000,0.624100,0.710534,0,1.250262,0.651532,0,Normal
763,0.774517,0.261102,4112,80,0.857143,0.000000,0.397166,0.070451,0,0.844968,-0.355703,0,Normal
764,0.342878,0.644985,2514,80,0.285714,0.000000,0.057595,0.519363,0,0.862240,-0.312778,0,Normal
765,0.806729,0.371844,29982,80,0.928571,0.000000,0.115791,0.794749,0,1.601478,1.524373,1,|z|=1.52 >= 1.5
766,0.112384,0.669889,34562,80,0.857143,0.000000,0.305544,0.046100,0,0.158483,-2.061754,1,|z|=2.06 >= 1.5
767,0.380816,0.059350,9676,443,0.285714,0.000000,0.203895,0.614350,0,0.995166,0.017567,0,Normal
768,0.156049,0.350412,54205,443,0.428571,0.000000,0.846390,0.250348,0,0.406397,-1.445640,0,Normal
769,0.002863,0.821843,58772,80,0.642857,0.000000,0.010091,0.057778,0,0.060641,-2.304912,1,|z|=2.30 >= 1.5
770,0.528991,0.825203,20585,53,0.714286,0.000000,0.769292,0.516141,0,1.045132,0.141743,0,Normal
771,0.337867,0.983867,62400,80,0.071429,0.000000,0.907035,0.558802,0,0.896669,-0.227217,0,Normal
772,0.356478,0.259447,33675,443,0.785714,0.000000,0.418893,0.270629,0,0.627107,-0.897131,0,Normal
773,0.493200,0.327324,52245,53,0.857143,0.000000,0.420258,0.287118,0,0.780317,-0.516374,0,Normal
774,0.716535,0.456254,36438,53,0.571429,0.000000,0.040323,0.154964,0,0.871499,-0.289769,0,Normal
775,0.768790,0.071595,25618,53,1.000000,0.000000,0.218006,0.401722,0,1.170513,0.453339,0,Normal
776,0.176807,0.596024,56155,443,0.857143,0.000000,0.328958,0.449899,0,0.626706,-0.898128,0,Normal
777,0.463851,0.897126,33529,53,1.000000,0.000000,0.836230,0.799368,0,1.263219,0.683732,0,Normal
778,0.146743,0.825764,10571,443,1.000000,0.000000,0.119013,0.743192,0,0.889936,-0.243951,0,Normal
779,0.231926,0.552169,40600,80,1.000000,0.000000,0.899701,0.741263,0,0.973189,-0.037050,0,Normal
780,0.763780,0.644628,54261,53,0.000000,0.000000,0.250399,0.499055,0,1.262835,0.682777,0,Normal
781,0.788833,0.936000,5566,53,1.000000,0.000000,0.566262,0.973056,0,1.761889,1.923026,1,|z|=1.92 >= 1.5
782,0.476020,0.020713,39719,53,0.714286,0.000000,0.969452,0.593084,0,1.069104,0.201318,0,Normal
783,0.034359,0.986095,28854,80,0.071429,0.000000,0.091251,0.106187,0,0.140546,-2.106331,1,|z|=2.11 >= 1.5
784,0.246242,0.065846,3482,443,0.785714,0.000000,0.221882,0.398037,0,0.644279,-0.854456,0,Normal
785,0.255548,0.336699,27312,443,0.357143,0.000000,0.194175,0.987280,0,1.242827,0.633055,0,Normal
786,0.499642,0.284080,35282,443,0.928571,0.000000,0.626338,0.188239,0,0.687881,-0.746095,0,Normal
787,0.544739,0.844622,39830,80,0.500000,0.000000,0.027977,0.559014,0,1.103753,0.287428,0,Normal
788,0.452398,0.124071,46690,80,0.214286,0.000000,0.314000,0.778280,0,1.230678,0.602861,0,Normal
789,0.775948,0.358529,13630,80,0.071429,0.000000,0.381970,0.103043,0,0.878992,-0.271148,0,Normal
790,0.747316,0.788703,57246,80,0.500000,0.000000,0.528488,0.112947,1,0.860263,-0.317693,0,Normal
791,0.167502,0.995434,29835,443,0.071429,0.000000,0.183712,0.685398,0,0.852900,-0.335992,0,Normal
792,0.091625,0.605062,42512,80,0.714286,0.000000,0.685757,0.366357,0,0.457982,-1.317441,0,Normal
793,0.760200,0.860412,52831,53,0.785714,0.000000,0.455832,0.093818,0,0.854019,-0.333211,0,Normal
794,0.376521,0.790486,25218,443,0.571429,0.000000,0.699092,0.509194,0,0.885715,-0.254438,0,Normal
795,0.442377,0.453864,40513,443,0.285714,0.000000,0.036469,0.051821,0,0.494197,-1.227438,0,Normal
796,0.606299,0.583399,8498,53,0.214286,0.000000,0.783479,0.910840,1,1.517139,1.314775,0,Normal
797,0.809592,0.636146,54146,53,0.857143,0.000000,0.272940,0.361150,0,1.170742,0.453909,0,Normal
798,0.219757,0.469016,15838,443,0.214286,0.000000,0.673411,0.330591,0,0.550347,-1.087894,0,Normal
799,0.785970,0.049983,39990,80,0.357143,0.000000,0.184482,0.938509,0,1.724479,1.830055,1,|z|=1.83 >= 1.5
800,0.102362,0.267700,27200,53,0.714286,0.000000,0.417496,0.264306,0,0.366668,-1.544375,1,|z|=1.54 >= 1.5
801,0.348604,0.673726,39465,443,0.071429,0.000000,0.823298,0.734023,0,1.082628,0.234927,0,Normal
802,0.576235,0.956696,60180,443,0.428571,0.000000,0.725670,0.911438,0,1.487673,1.241546,0,Normal
803,0.328561,0.753093,2764,53,0.928571,0.000000,0.245648,0.844116,0,1.172677,0.458718,0,Normal
804,0.549749,0.664642,36478,443,0.642857,0.000000,0.969968,0.038547,0,0.588297,-0.993582,0,Normal
805,0.078024,0.916406,52499,53,1.000000,0.000000,0.433695,0.646941,0,0.724966,-0.653933,0,Normal
806,0.707230,0.490547,44709,53,0.571429,0.000000,0.048604,0.457266,0,1.164495,0.438385,0,Normal
807,0.692198,0.910571,29411,53,0.285714,0.000000,0.958918,0.728567,1,1.420764,1.075264,0,Normal
808,0.025054,0.558459,12382,80,0.214286,0.000000,0.311019,0.146767,0,0.171820,-2.028609,1,|z|=2.03 >= 1.5
809,0.012169,0.049151,34036,53,0.714286,0.000000,0.538336,0.231937,0,0.244106,-1.848964,1,|z|=1.85 >= 1.5
810,0.833930,0.930115,46914,443,1.000000,0.000000,0.230491,0.073287,0,0.907216,-0.201004,0,Normal
811,0.858268,0.703515,17531,80,0.000000,0.000000,0.544802,0.196255,1,1.054523,0.165082,0,Normal
812,0.115247,0.274746,3325,443,0.642857,0.000000,0.831634,0.277866,0,0.393113,-1.478652,0,Normal
813,0.569792,0.298343,61124,80,0.571429,0.000000,0.509287,0.902932,0,1.472724,1.204394,0,Normal
814,0.179671,0.375152,10960,53,0.285714,0.000000,0.127428,0.300856,0,0.480527,-1.261412,0,Normal
815,0.115247,0.536766,34366,443,0.714286,0.000000,0.462124,0.810009,0,0.925256,-0.156172,0,Normal
816,0.398712,0.437694,48692,80,0.571429,0.000000,0.901924,0.933717,0,1.332429,0.855733,0,Normal
817,0.835361,0.215318,13196,443,0.428571,0.000000,0.100095,0.152018,1,0.987380,-0.001782,0,Normal
818,0.669291,0.746746,11276,443,0.500000,0.000000,0.912595,0.823584,0,1.492876,1.254475,0,Normal
819,0.330709,0.227463,20963,443,0.000000,0.000000,0.909749,0.645579,0,0.976288,-0.029349,0,Normal
820,0.220472,0.277926,4871,53,0.500000,0.000000,0.640171,0.523865,0,0.744338,-0.605790,0,Normal
821,0.768790,0.379607,31064,53,0.142857,0.000000,0.089937,0.323838,0,1.092629,0.259782,0,Normal
822,0.351467,0.695199,58904,53,0.642857,0.000000,0.629051,0.353925,0,0.705392,-0.702577,0,Normal
823,0.728704,0.037450,39257,80,0.071429,0.000000,0.872817,0.594071,0,1.322775,0.831742,0,Normal
824,0.335719,0.380090,20824,80,0.571429,0.000000,0.678751,0.579847,1,0.915566,-0.180253,0,Normal
825,0.262706,0.864180,31898,443,0.357143,0.000000,0.662642,0.632297,0,0.895003,-0.231358,0,Normal
826,0.282033,0.588045,38977,53,0.142857,0.000000,0.608682,0.827263,0,1.109296,0.301204,0,Normal
827,0.278454,0.409511,18907,53,0.642857,0.000000,0.275516,0.625950,0,0.904404,-0.207994,0,Normal
828,0.270580,0.446140,12396,443,0.500000,0.000000,0.947083,0.186683,0,0.457263,-1.319227,0,Normal
829,0.375805,0.744426,36703,80,0.928571,0.000000,0.809000,0.201793,0,0.577598,-1.020170,0,Normal
830,0.984968,0.469575,22999,53,0.428571,0.000000,0.887415,0.022070,1,1.007038,0.047073,0,Normal
831,0.435218,0.697192,7854,443,0.500000,0.000000,0.014770,0.780490,0,1.215708,0.565659,0,Normal
832,0.710809,0.832357,51648,443,0.928571,0.000000,0.322598,0.952674,0,1.663483,1.678467,1,|z|=1.68 >= 1.5
833,0.694345,0.716924,40145,443,0.642857,0.000000,0.030624,0.655024,1,1.349369,0.897834,0,Normal
834,0.006442,0.630439,56271,80,0.785714,0.000000,0.405879,0.432010,0,0.438453,-1.365975,0,Normal
835,0.413028,0.371053,16993,80,0.571429,0.000000,0.953354,0.472924,0,0.885951,-0.253852,0,Normal
836,0.578382,0.425060,62481,53,0.357143,0.000000,0.650722,0.167160,0,0.745542,-0.602797,0,Normal
837,0.400859,0.240503,47217,443,0.428571,0.000000,0.570750,0.054702,0,0.455561,-1.323457,0,Normal
838,0.203293,0.594196,42063,80,0.642857,0.000000,0.285287,0.526514,0,0.729807,-0.641901,0,Normal
839,0.148175,0.145474,21320,443,0.857143,0.000000,0.724307,0.463176,0,0.611350,-0.936290,0,Normal
840,0.803865,0.001638,53883,53,0.785714,0.000000,0.214017,0.495173,1,1.299039,0.772752,0,Normal
841,0.818182,0.508945,60639,80,0.071429,0.000000,0.685035,0.671352,0,1.489533,1.246169,0,Normal
842,0.986399,0.156436,61873,80,0.857143,0.000000,0.284932,0.261171,0,1.247571,0.644844,0,Normal
843,0.758053,0.975949,29833,53,0.214286,0.000000,0.361777,0.124570,1,0.882623,-0.262123,0,Normal
844,0.743021,0.386542,9209,53,0.357143,0.000000,0.546246,0.110056,0,0.853077,-0.335552,0,Normal
845,0.935576,0.020763,43312,53,0.285714,0.000000,0.363232,0.244226,0,1.179802,0.476425,0,Normal
846,0.644953,0.761589,19325,53,0.000000,0.000000,0.832083,0.476852,0,1.121806,0.332293,0,Normal
847,0.676450,0.500414,20942,53,0.857143,0.000000,0.994075,0.094625,0,0.771074,-0.539345,0,Normal
848,0.601288,0.036045,19184,80,0.714286,0.000000,0.713512,0.493514,0,1.094802,0.265184,0,Normal
849,0.796707,0.176502,18277,53,0.642857,0.000000,0.017888,0.029280,1,0.825987,-0.402875,0,Normal
850,0.477452,0.957025,22642,443,0.071429,0.000000,0.051118,0.226884,0,0.704336,-0.705203,0,Normal
851,0.215462,0.150323,20417,80,0.785714,0.000000,0.651240,0.866687,0,1.082149,0.233738,0,Normal
852,0.774517,0.395842,24126,80,0.285714,0.000000,0.391603,0.910948,0,1.685465,1.733098,1,|z|=1.73 >= 1.5
853,0.824624,0.711984,55741,80,0.500000,0.000000,0.524898,0.283663,0,1.108287,0.298697,0,Normal
854,0.915533,0.208672,3259,80,0.357143,0.000000,0.980989,0.958496,0,1.874030,2.201719,1,|z|=2.20 >= 1.5
855,0.681460,0.703550,58114,443,0.285714,0.000000,0.448022,0.849771,0,1.531232,1.349797,0,Normal
856,0.622047,0.672550,60437,443,0.071429,0.000000,0.682526,0.841172,0,1.463219,1.180774,0,Normal
857,0.497495,0.971431,65053,443,0.214286,0.000000,0.035807,0.582137,0,1.079632,0.227482,0,Normal
858,0.229062,0.668959,15434,443,0.428571,0.000000,0.847505,0.881813,0,1.110876,0.305130,0,Normal
859,0.109520,0.419796,45797,443,0.142857,0.000000,0.234123,0.517202,0,0.626722,-0.898088,0,Normal
860,0.939155,0.757617,22736,53,0.785714,0.000000,0.765062,0.320611,0,1.259767,0.675153,0,Normal
861,0.918397,0.686069,43629,53,0.000000,0.000000,0.875822,0.418436,0,1.336832,0.866677,0,Normal
862,0.638511,0.527917,48532,53,0.714286,0.000000,0.167026,0.713016,0,1.351527,0.903196,0,Normal
863,0.972799,0.849488,24712,80,0.571429,0.000000,0.191459,0.445336,0,1.418134,1.068728,0,Normal
864,0.881174,0.015099,2381,443,0.857143,0.000000,0.948634,0.959133,0,1.840307,2.117910,1,|z|=2.12 >= 1.5
865,0.000000,0.766584,13648,80,0.357143,0.000000,0.895147,0.134122,0,0.134122,-2.122296,1,|z|=2.12 >= 1.5
866,0.120974,0.518106,35306,80,0.000000,0.000000,0.651744,0.491615,0,0.612589,-0.933212,0,Normal
867,0.664996,0.319102,35046,80,0.357143,0.000000,0.971430,0.918037,0,1.583033,1.478534,0,Normal
868,0.446671,0.185038,49918,443,0.571429,0.000000,0.375394,0.053350,0,0.500021,-1.212965,0,Normal
869,0.235505,0.837515,50197,80,1.000000,0.000000,0.687834,0.077354,0,0.312859,-1.678100,1,|z|=1.68 >= 1.5
870,0.729420,0.959949,34724,80,0.785714,0.000000,0.834534,0.986640,0,1.716060,1.809133,1,|z|=1.81 >= 1.5
871,0.214030,0.897908,18070,80,0.714286,0.000000,0.672711,0.175676,0,0.389706,-1.487120,0,Normal
872,0.354331,0.332122,44410,80,0.571429,0.000000,0.864684,0.434567,0,0.788898,-0.495050,0,Normal
873,0.358626,0.139144,10381,443,0.714286,0.000000,0.419005,1.000000,0,1.358626,0.920837,0,Normal
874,0.108805,0.303314,9099,53,0.142857,0.000000,0.832162,0.623491,0,0.732295,-0.635718,0,Normal
875,0.077309,0.198764,35826,80,0.000000,0.000000,0.452911,0.353196,0,0.430505,-1.385727,0,Normal
876,0.403722,0.378287,34026,53,0.857143,0.000000,0.479028,0.187730,0,0.591452,-0.985742,0,Normal
877,0.042949,0.658069,1447,53,1.000000,0.000000,0.113652,0.497140,0,0.540089,-1.113389,0,Normal
878,0.352899,0.597360,39760,80,0.785714,0.000000,0.856252,0.984653,0,1.337552,0.868466,0,Normal
879,0.644238,0.305757,35780,443,0.142857,0.000000,0.688024,0.694426,0,1.338664,0.871228,0,Normal
880,0.009306,0.479780,35652,53,0.714286,0.000000,0.208467,0.320883,0,0.330189,-1.635031,1,|z|=1.64 >= 1.5
881,0.710809,0.591810,16093,443,0.214286,0.000000,0.859304,0.302303,0,1.013112,0.062168,0,Normal
882,0.438082,0.795554,39533,80,0.214286,0.000000,0.827544,0.460736,0,0.898817,-0.221877,0,Normal
883,0.758769,0.654509,2190,53,0.857143,0.000000,0.608596,0.022802,0,0.781571,-0.513257,0,Normal
884,0.264137,0.574105,18532,443,0.785714,0.000000,0.878243,0.682627,0,0.946765,-0.102718,0,Normal
885,0.682176,0.331375,32845,53,0.214286,0.000000,0.880446,0.249344,0,0.931520,-0.140605,0,Normal
886,0.250537,0.785839,45632,53,0.714286,0.000000,0.627226,0.703878,0,0.954415,-0.083707,0,Normal
887,0.261990,0.428587,6036,53,0.571429,0.000000,0.200770,0.710758,0,0.972748,-0.038146,0,Normal
888,0.106657,0.470274,30560,443,0.428571,0.000000,0.184762,0.084836,0,0.191493,-1.979719,1,|z|=1.98 >= 1.5
889,0.999284,0.875389,11808,443,0.071429,0.000000,0.298824,0.377388,1,1.376672,0.965685,0,Normal
890,0.682176,0.733753,5970,443,0.857143,0.000000,0.648310,0.170957,0,0.853133,-0.335413,0,Normal
891,0.051539,0.436370,4494,443,0.785714,0.000000,0.077726,0.586506,1,0.638045,-0.869949,0,Normal
892,0.065855,0.002122,51386,443,0.357143,0.000000,0.468908,0.397351,0,0.463207,-1.304456,0,Normal
893,0.909807,0.182786,22256,443,0.357143,0.000000,0.166884,0.400009,1,1.309815,0.799534,0,Normal
894,0.183250,0.170286,36002,443,0.785714,0.000000,0.906286,0.835969,0,1.019218,0.077343,0,Normal
895,0.496063,0.428044,18852,53,0.642857,0.000000,0.701579,0.363231,0,0.859294,-0.320100,0,Normal
896,0.695061,0.700563,9403,443,0.714286,0.000000,0.674925,0.354957,0,1.050017,0.153885,0,Normal
897,0.649248,0.203033,1333,443,0.714286,0.000000,0.354617,0.675673,0,1.324921,0.837076,0,Normal
898,0.386543,0.109079,64170,443,0.642857,0.000000,0.129023,0.491036,0,0.877579,-0.274660,0,Normal
899,0.189692,0.122215,22159,443,0.571429,0.000000,0.715829,0.752354,0,0.942046,-0.114445,0,Normal
900,0.476020,0.499369,28399,53,0.214286,0.000000,0.022254,0.318908,0,0.794928,-0.480064,0,Normal
901,0.879026,0.129780,49517,53,0.500000,0.000000,0.200184,0.056538,0,0.935565,-0.130553,0,Normal
902,0.339298,0.022983,8504,443,0.357143,0.000000,0.601269,0.435879,0,0.775178,-0.529147,0,Normal
903,0.556908,0.462194,36262,80,1.000000,0.000000,0.074066,0.551960,0,1.108867,0.300138,0,Normal
904,0.441661,0.945720,52081,53,0.714286,0.000000,0.107969,0.248528,0,0.690189,-0.740360,0,Normal
905,0.941303,0.576261,56826,443,0.571429,0.000000,0.490135,0.290199,0,1.231502,0.604910,0,Normal
906,0.618468,0.492642,47185,53,0.071429,0.000000,0.286802,0.346887,0,0.965355,-0.056518,0,Normal
907,0.002147,0.997374,38754,443,0.857143,0.000000,0.839761,0.423832,1,0.425979,-1.396974,0,Normal
908,0.671439,0.494714,7641,53,0.500000,0.000000,0.172193,0.103852,0,0.775290,-0.528867,0,Normal
909,0.928418,0.479487,36698,443,0.928571,0.000000,0.649822,0.088226,0,1.016644,0.070945,0,Normal
910,0.723694,0.096141,53023,53,0.285714,0.000000,0.236087,0.258844,0,0.982538,-0.013815,0,Normal
911,0.110236,0.725905,11817,443,0.285714,0.000000,0.033800,0.299611,0,0.409848,-1.437064,0,Normal
912,0.152470,0.518407,45767,80,0.357143,0.000000,0.822865,0.802111,0,0.954581,-0.083294,0,Normal
913,0.926271,0.871221,10568,443,0.857143,0.000000,0.949670,0.390529,0,1.316800,0.816892,0,Normal
914,0.803865,0.674672,18184,80,0.285714,0.000000,0.847670,0.216862,0,1.020727,0.081093,0,Normal
915,0.274159,0.698777,37792,443,0.142857,0.000000,0.767762,0.443890,0,0.718049,-0.671122,0,Normal
916,0.403006,0.876783,65055,80,0.428571,0.000000,0.182741,0.208401,0,0.611407,-0.936149,0,Normal
917,0.448103,0.919976,44167,443,0.071429,0.000000,0.375613,0.423449,0,0.871552,-0.289637,0,Normal
918,0.352183,0.468857,11050,443,0.500000,0.000000,0.523964,0.306750,0,0.658934,-0.818036,0,Normal
919,0.081603,0.828159,51778,80,0.428571,0.000000,0.062910,0.411438,0,0.493042,-1.230311,0,Normal
920,0.294202,0.741398,12843,443,0.857143,0.000000,0.694507,0.545803,0,0.840005,-0.368039,0,Normal
921,0.173944,0.528274,18277,443,0.142857,0.000000,0.787104,0.785882,0,0.959826,-0.070259,0,Normal
922,0.631353,0.546518,49306,80,0.142857,0.000000,0.132775,0.674854,0,1.306207,0.790565,0,Normal
923,0.597709,0.863495,22066,53,0.285714,0.000000,0.591298,0.063316,0,0.661025,-0.812838,0,Normal
924,0.665712,0.152043,40416,53,1.000000,0.000000,0.229091,0.825592,0,1.491304,1.250569,0,Normal
925,0.749463,0.736842,17995,80,1.000000,0.000000,0.375967,0.616597,0,1.366060,0.939314,0,Normal
926,0.797423,0.998391,60253,80,0.714286,0.000000,0.929591,0.538725,1,1.336148,0.864975,0,Normal
927,0.732999,0.520770,14748,443,0.928571,0.000000,0.835147,0.882829,0,1.615829,1.560038,1,|z|=1.56 >= 1.5
928,0.173228,0.351822,46794,80,0.500000,0.000000,0.627056,0.753067,0,0.926295,-0.153590,0,Normal
929,0.707946,0.799853,48034,443,0.571429,0.000000,0.792553,0.940374,0,1.648320,1.640785,1,|z|=1.64 >= 1.5
930,0.571224,0.142689,44243,443,0.928571,0.000000,0.244651,0.915194,0,1.486418,1.238427,0,Normal
931,0.080172,0.441522,35252,80,0.000000,0.000000,0.507193,0.030946,1,0.111118,-2.179466,1,|z|=2.18 >= 1.5
932,0.327130,0.607438,46684,80,0.928571,0.000000,0.074332,0.536797,0,0.863927,-0.308588,0,Normal
933,0.172513,0.423670,64871,443,1.000000,0.000000,0.012472,0.986927,0,1.159440,0.425821,0,Normal
934,0.105941,0.515712,16773,53,0.214286,0.000000,0.956198,0.331494,1,0.437436,-1.368502,0,Normal
935,0.188261,0.119102,3064,53,0.000000,0.000000,0.708140,0.109615,1,0.297875,-1.715337,1,|z|=1.72 >= 1.5
936,0.309950,0.980349,40887,53,0.357143,0.000000,0.132944,0.201142,0,0.511092,-1.185452,0,Normal
937,0.317108,0.601281,3751,443,0.642857,0.000000,0.200311,0.970283,1,1.287391,0.743804,0,Normal
938,0.261274,0.560674,23648,80,0.071429,0.000000,0.135916,0.632666,0,0.893940,-0.233999,0,Normal
939,0.400143,0.591102,19952,53,0.071429,0.000000,0.672243,0.321442,0,0.721585,-0.662335,0,Normal
940,0.161059,0.178783,25071,443,0.642857,0.000000,0.728477,0.979284,0,1.140344,0.378364,0,Normal
941,0.728704,0.270799,23794,443,0.785714,0.000000,0.974842,0.687260,0,1.415965,1.063336,0,Normal
942,0.176807,0.501956,2378,53,0.142857,0.000000,0.634045,0.662193,0,0.839001,-0.370534,0,Normal
943,0.220472,0.845124,31671,53,0.000000,0.000000,0.912584,0.303269,0,0.523741,-1.154015,0,Normal
944,0.141732,0.078591,22477,53,0.000000,0.000000,0.366418,0.927074,0,1.068806,0.200579,0,Normal
945,0.200429,0.449400,1965,80,0.785714,0.000000,0.541130,0.278982,0,0.479412,-1.264184,0,Normal
946,0.225483,0.793954,4356,53,0.214286,0.000000,0.615807,0.546998,0,0.772481,-0.535848,0,Normal
947,0.329993,0.444796,35407,53,0.571429,0.000000,0.416564,0.971869,0,1.301862,0.779768,0,Normal
948,0.931997,0.359341,42093,80,0.928571,0.000000,0.319338,0.634104,1,1.566101,1.436455,0,Normal
949,0.710093,0.360801,32659,53,0.285714,0.000000,0.669906,0.818493,0,1.528586,1.343223,0,Normal
950,0.735863,0.312850,55889,80,0.714286,0.000000,0.357840,0.188582,0,0.924444,-0.158190,0,Normal
951,0.144596,0.246165,25398,53,0.500000,0.000000,0.104828,0.022643,0,0.167238,-2.039996,1,|z|=2.04 >= 1.5
952,0.130279,0.083437,16907,80,0.428571,0.000000,0.518649,0.452408,0,0.582688,-1.007523,0,Normal
953,0.907659,0.844054,63497,80,0.857143,0.000000,0.642596,0.942741,0,1.850400,2.142995,1,|z|=2.14 >= 1.5
954,0.770222,0.659890,51269,53,0.285714,0.000000,0.686034,0.508379,0,1.278601,0.721960,0,Normal
955,0.317108,0.493892,7395,443,0.857143,0.000000,0.494505,0.879020,0,1.196128,0.516998,0,Normal
956,0.901217,0.294507,52016,53,0.142857,0.000000,0.724217,0.585742,0,1.486959,1.239772,0,Normal
957,0.023622,0.220933,11049,80,0.285714,0.000000,0.224904,0.319165,1,0.342787,-1.603724,1,|z|=1.60 >= 1.5
958,0.811024,0.615690,47477,53,0.857143,0.000000,0.295226,0.314318,0,1.125342,0.341080,0,Normal
959,0.969936,0.480119,49754,80,0.428571,0.000000,0.599099,0.629678,0,1.599614,1.519741,1,|z|=1.52 >= 1.5
960,0.120974,0.417554,8793,53,0.428571,0.000000,0.948001,0.237197,0,0.358170,-1.565493,1,|z|=1.57 >= 1.5
961,0.655691,0.425091,13137,80,0.571429,0.000000,0.557477,0.141021,0,0.796712,-0.475629,0,Normal
962,0.377953,0.748750,54342,80,0.714286,0.000000,0.007345,0.124411,0,0.502364,-1.207142,0,Normal
963,0.460272,0.197078,1471,80,0.000000,0.000000,0.295587,0.668531,0,1.128803,0.349684,0,Normal
964,0.601288,0.757295,46639,53,0.571429,0.000000,0.153241,0.217812,0,0.819101,-0.419989,0,Normal
965,0.406586,0.648130,30703,80,0.285714,0.000000,0.597869,0.826520,0,1.233105,0.608894,0,Normal
966,0.534717,0.842840,18447,80,0.928571,0.000000,0.292845,0.395103,0,0.929820,-0.144830,0,Normal
967,0.660702,0.508930,32611,80,0.714286,0.000000,0.659573,0.582366,0,1.243067,0.633652,0,Normal
968,0.710809,0.841361,45188,80,0.428571,0.000000,0.846733,0.313518,0,1.024327,0.090038,0,Normal
969,0.224767,0.963653,8140,443,0.714286,0.000000,0.436376,0.904517,0,1.129284,0.350878,0,Normal
970,0.982105,0.713811,55897,53,0.357143,0.000000,0.079003,0.576303,0,1.558407,1.417335,0,Normal
971,0.327130,0.662691,30710,443,0.571429,0.000000,0.530092,0.882636,0,1.209766,0.550891,0,Normal
972,0.643522,0.967936,7779,53,0.500000,0.000000,0.505824,0.831327,0,1.474849,1.209676,0,Normal
973,0.619184,0.171404,37053,80,0.428571,0.000000,0.426179,0.066045,0,0.685229,-0.752687,0,Normal
974,0.594130,0.714027,10457,80,0.428571,0.000000,0.658307,0.740016,0,1.334147,0.860002,0,Normal
975,0.596278,0.659704,54850,443,0.428571,0.000000,0.214760,0.094500,0,0.690778,-0.738896,0,Normal
976,0.536149,0.615246,59633,443,0.714286,0.000000,0.795715,0.000714,0,0.536863,-1.121406,0,Normal
977,0.905512,0.298058,38405,80,0.000000,0.000000,0.166804,0.253235,1,1.158747,0.424099,0,Normal
978,0.602004,0.621486,42723,80,0.642857,0.000000,0.054436,0.425113,0,1.027117,0.096972,0,Normal
979,0.130995,0.325352,64796,80,0.714286,0.000000,0.836820,0.621469,0,0.752464,-0.585595,0,Normal
980,0.917681,0.069511,60514,443,0.071429,0.000000,0.132285,0.312794,0,1.230475,0.602356,0,Normal
981,0.342878,1.000000,25203,53,0.928571,0.000000,0.272803,0.122055,0,0.464932,-1.300168,0,Normal
982,0.317108,0.455863,24430,53,0.285714,0.000000,0.334468,0.322306,0,0.639414,-0.866546,0,Normal
983,0.297065,0.194653,19610,53,0.071429,0.000000,0.255347,0.527812,0,0.824877,-0.405633,0,Normal
984,0.866858,0.341230,30107,80,0.428571,0.000000,0.284694,0.750627,0,1.617484,1.564152,1,|z|=1.56 >= 1.5
985,0.109520,0.364819,59560,443,0.142857,0.000000,0.431495,0.130944,1,0.240464,-1.858016,1,|z|=1.86 >= 1.5
986,0.332140,0.076630,59872,80,0.428571,0.000000,0.793201,0.966905,0,1.299046,0.772769,0,Normal
987,0.206156,0.843081,26173,443,0.142857,0.000000,0.304631,0.206769,0,0.412925,-1.429416,0,Normal
988,0.713672,0.516231,38102,80,0.285714,0.000000,0.176585,0.484657,1,1.198329,0.522469,0,Normal
989,0.115963,0.506629,32848,443,0.071429,0.000000,0.190350,0.017972,1,0.133935,-2.122762,1,|z|=2.12 >= 1.5
990,0.839656,0.143350,48657,443,0.500000,0.000000,0.502756,0.834116,0,1.673772,1.704039,1,|z|=1.70 >= 1.5
991,0.874016,0.661356,34399,80,0.214286,0.000000,0.437169,0.033719,0,0.907735,-0.199715,0,Normal
992,0.117394,0.362422,7662,443,0.428571,0.000000,0.170692,0.821556,0,0.938950,-0.122139,0,Normal
993,0.771654,0.989578,6353,80,0.285714,0.000000,0.597442,0.662598,0,1.434251,1.108782,0,Normal
994,0.565497,0.956234,46051,53,0.857143,0.000000,0.749531,0.858053,0,1.423551,1.082189,0,Normal
995,0.103794,0.078032,26435,443,0.428571,0.000000,0.339083,0.402062,0,0.505856,-1.198465,0,Normal
996,0.727989,0.048901,49767,80,0.928571,0.000000,0.094822,0.418902,0,1.146890,0.394633,0,Normal
997,0.952756,0.731936,53507,80,0.928571,0.000000,0.016880,0.441276,0,1.394032,1.008830,0,Normal
998,0.322835,0.655933,17255,53,0.071429,0.000000,0.887533,0.806790,0,1.129625,0.351724,0,Normal
999,0.176807,0.186102,7602,80,0.857143,0.000000,0.855640,0.073257,0,0.250065,-1.834156,1,|z|=1.83 >= 1.5
